-- MySQL dump 10.13  Distrib 8.0.27, for Win64 (x86_64)
--
-- Host: 127.0.0.1    Database: bizzybee
-- ------------------------------------------------------
-- Server version	8.0.27

/*!40101 SET @OLD_CHARACTER_SET_CLIENT=@@CHARACTER_SET_CLIENT */;
/*!40101 SET @OLD_CHARACTER_SET_RESULTS=@@CHARACTER_SET_RESULTS */;
/*!40101 SET @OLD_COLLATION_CONNECTION=@@COLLATION_CONNECTION */;
/*!50503 SET NAMES utf8 */;
/*!40103 SET @OLD_TIME_ZONE=@@TIME_ZONE */;
/*!40103 SET TIME_ZONE='+00:00' */;
/*!40014 SET @OLD_UNIQUE_CHECKS=@@UNIQUE_CHECKS, UNIQUE_CHECKS=0 */;
/*!40014 SET @OLD_FOREIGN_KEY_CHECKS=@@FOREIGN_KEY_CHECKS, FOREIGN_KEY_CHECKS=0 */;
/*!40101 SET @OLD_SQL_MODE=@@SQL_MODE, SQL_MODE='NO_AUTO_VALUE_ON_ZERO' */;
/*!40111 SET @OLD_SQL_NOTES=@@SQL_NOTES, SQL_NOTES=0 */;

--
-- Table structure for table `accounting`
--

DROP TABLE IF EXISTS `accounting`;
/*!40101 SET @saved_cs_client     = @@character_set_client */;
/*!50503 SET character_set_client = utf8mb4 */;
CREATE TABLE `accounting` (
  `account_record_id` int NOT NULL AUTO_INCREMENT,
  `account_entry_date` date NOT NULL,
  `other_expense_type` varchar(255) DEFAULT NULL,
  `other_expense_amount` decimal(9,2) DEFAULT NULL,
  PRIMARY KEY (`account_record_id`)
) ENGINE=InnoDB AUTO_INCREMENT=7 DEFAULT CHARSET=utf8mb4 COLLATE=utf8mb4_0900_ai_ci;
/*!40101 SET character_set_client = @saved_cs_client */;

--
-- Dumping data for table `accounting`
--

LOCK TABLES `accounting` WRITE;
/*!40000 ALTER TABLE `accounting` DISABLE KEYS */;
INSERT INTO `accounting` VALUES (1,'2022-01-05','weekly shipping',3.00),(2,'2022-01-05','shipping materials',20.00),(3,'2022-01-15','weekly shipping',78.00),(4,'2022-01-15','shipping materials',60.00),(5,'2022-01-22','weekly shipping',69.00),(6,'2022-01-29','weekly shipping',54.00);
/*!40000 ALTER TABLE `accounting` ENABLE KEYS */;
UNLOCK TABLES;

--
-- Table structure for table `customer_addresses`
--

DROP TABLE IF EXISTS `customer_addresses`;
/*!40101 SET @saved_cs_client     = @@character_set_client */;
/*!50503 SET character_set_client = utf8mb4 */;
CREATE TABLE `customer_addresses` (
  `customer_address_id` int NOT NULL,
  `address` varchar(255) NOT NULL,
  `city` varchar(255) NOT NULL,
  `state` varchar(255) NOT NULL,
  `zip` varchar(255) NOT NULL,
  KEY `customer_address_id` (`customer_address_id`),
  CONSTRAINT `customer_addresses_ibfk_1` FOREIGN KEY (`customer_address_id`) REFERENCES `customer_information` (`customer_id`)
) ENGINE=InnoDB DEFAULT CHARSET=utf8mb4 COLLATE=utf8mb4_0900_ai_ci;
/*!40101 SET character_set_client = @saved_cs_client */;

--
-- Dumping data for table `customer_addresses`
--

LOCK TABLES `customer_addresses` WRITE;
/*!40000 ALTER TABLE `customer_addresses` DISABLE KEYS */;
INSERT INTO `customer_addresses` VALUES (1,'1608 Mosswood Way','Irvine','CA','92630'),(2,'23 Cherry Tree','Irvine','CA','92630'),(3,'22415 Minnetonka Way','Irvine','CA','92630'),(4,'28 Deerwood','Aliso Viejo','CA','92656'),(5,'55 Hollybrooke Lane','Mission Viejo','CA','92696'),(6,'1610 Mosswood Way','Lake Forest','CA','92630'),(7,'1617 Beliver drive ','Irvine','CA','92617'),(8,'11 Gingerbread Lane','Los Angeles','CA','90210'),(9,'1605 Mosswood Way','Irvine','CA','92617'),(10,'11 Marina Way','Los Angeles','CA','90010'),(11,'Ap #710-6558 Ac, St.','Lagundo/Algund','Utrecht','O3 5GN'),(12,'Ap #598-6510 Tempus Av.','João Pessoa','Valle dAosta','58-976'),(13,'P.O. Box 229, 5682 Nisl Av.','Iseyin','Overijssel','151302'),(14,'Ap #412-6471 Massa Ave','Gouvy','Nunavut','485255'),(15,'Ap #185-7804 Vehicula Rd.','Broken Hill','Abruzzo','34676-87762'),(16,'Ap #212-9289 Egestas. St.','Gangtok','Valparaíso','624854'),(17,'624-2714 Ligula. Ave','Ivanovo','British Columbia','851178'),(18,'Ap #463-4949 Ultrices. Road','Jerez de la Frontera','Kerala','7448'),(19,'P.O. Box 244, 8405 Consequat Ave','Cuttack','Northwest Territories','668481'),(20,'7511 Curabitur St.','Tarnów','Punjab','458174'),(21,'P.O. Box 366, 4674 Eleifend Road','Yurimaguas','Western Australia','5385'),(22,'620-5960 Cras Ave','Piscinas','San José','8040'),(23,'P.O. Box 659, 6394 Orci St.','Gdynia','Australian Capital Territory','J6E 6K5'),(24,'Ap #791-7461 Congue Av.','Musakhel','Connacht','T7X 6V2'),(25,'Ap #695-5107 Sed Street','Rochester','Arica y Parinacota','48635'),(26,'8824 Mauris Rd.','Mercedes','La Guajira','2148 QL'),(27,'551-1808 Magna Rd.','San Diego','Kerala','36878'),(28,'6485 Dolor Rd.','Wellington','Västra Götalands län','67791-164'),(29,'175-6150 Ac Road','Coevorden','Lima','JD1 4VR'),(30,'P.O. Box 861, 4131 Mi Road','Yeosu','Los Ríos','5595');
/*!40000 ALTER TABLE `customer_addresses` ENABLE KEYS */;
UNLOCK TABLES;

--
-- Table structure for table `customer_information`
--

DROP TABLE IF EXISTS `customer_information`;
/*!40101 SET @saved_cs_client     = @@character_set_client */;
/*!50503 SET character_set_client = utf8mb4 */;
CREATE TABLE `customer_information` (
  `customer_id` int NOT NULL AUTO_INCREMENT,
  `first_name` varchar(255) NOT NULL,
  `last_name` varchar(255) NOT NULL,
  `membership` varchar(255) NOT NULL,
  `phone` varchar(255) NOT NULL,
  `email_address` varchar(255) NOT NULL,
  `customer_date` date DEFAULT NULL,
  PRIMARY KEY (`customer_id`)
) ENGINE=InnoDB AUTO_INCREMENT=31 DEFAULT CHARSET=utf8mb4 COLLATE=utf8mb4_0900_ai_ci;
/*!40101 SET character_set_client = @saved_cs_client */;

--
-- Dumping data for table `customer_information`
--

LOCK TABLES `customer_information` WRITE;
/*!40000 ALTER TABLE `customer_information` DISABLE KEYS */;
INSERT INTO `customer_information` VALUES (1,'Bran','Jones','YES','9492243356','thebestcpa@gmail.com','2019-03-21'),(2,'Monica','Jessner','YES','9492233998','shellysbest1@gmail.com','2019-04-19'),(3,'Pheobe','Jackson','YES','9492222039','ocnewscast@gmail.com','2019-05-04'),(4,'Chandler','Holdor','NO','9492222009','stephanieandmatt@gmail.com','2019-05-08'),(5,'Rachel','Grand','YES','9492211211','makeitagreatone@gmail.com','2019-05-10'),(6,'Ross','Jones','YES','9492233549','mortgagesavergmail.com','2020-05-11'),(7,'Kathy','Michaels','NO','9492200989','michelley16@gmail.com','2020-06-01'),(8,'Charlie','Mousey','YES','9492211234','Catlovercindy@gmail.com','2020-07-02'),(9,'Michelle','Johnson','YES','9492200980','ilovemydog@gmail.com','2020-07-07'),(10,'Kyle','June','YES','9492222356','iamthebest@gmail.com','2020-08-20'),(11,'Mickey','Housepain','NO','9492211214','wineplease@gmail.com','2020-08-20'),(12,'Christy','Smith','YES','9492222345','ilovespas@gmail.com','2020-08-21'),(13,'John','Stark','YES','9492255647','richrockstar@gmail.com','2020-08-22'),(14,'Batman','Jones','NO','9492222989','lifeisgood@gmail.com','2020-08-20'),(15,'Robin','Hood','YES','9492200989','itreatmyself@gmail.com','2020-08-30'),(16,'Michael','Meyers','YES','9492299789','ilovepizza@gmail.com','2021-01-30'),(17,'Cindy','Lauper','NO','9492222345','GOTfan@gmail.com','2021-02-20'),(18,'Anna','Nichole','YES','9492200989','elephantsrule@gmail.com','2021-03-22'),(19,'Bett','Midler','YES','9492222345','deepbluebreathinl@gmail.com','2021-03-20'),(20,'Barry','White','YES','9492299890','tenlittlel@gmail.com','2021-04-22'),(21,'Molly','Ringwald','NO','9492222345','whatupyo@gmail.com','2021-05-22'),(22,'Shei;a','Shambers','YES','9492200909','leilabear@gmail.com','2021-06-22'),(23,'Franco','Lopez','YES','9492222345','iamradio@gmail.com','2021-06-22'),(24,'Lily','James','YES','9492211324','Chelseyrocks@gmail.com','2021-07-25'),(25,'Angela','Thompson','YES','9492200908','Cindylittleone@gmail.com','2021-08-11'),(26,'Shannon','Michaelson','YES','9492222354','Cindyiscool@gmail.com','2021-09-16'),(27,'Carla','Craigston','YES','94922400089','ABIGONE@gmail.com','2021-10-18'),(28,'Celine','Ramirez','NO','94922422357','hellothere12.com','2021-10-19'),(29,'Marshall','Heidi','YES','949299890','youbetcha@gmail.com','2021-11-20'),(30,'Mark','Jacobson','NO','949299868','sosocool@gmail.com','2021-12-22');
/*!40000 ALTER TABLE `customer_information` ENABLE KEYS */;
UNLOCK TABLES;

--
-- Table structure for table `customer_order_shipments`
--

DROP TABLE IF EXISTS `customer_order_shipments`;
/*!40101 SET @saved_cs_client     = @@character_set_client */;
/*!50503 SET character_set_client = utf8mb4 */;
CREATE TABLE `customer_order_shipments` (
  `customer_shipment_id` int NOT NULL AUTO_INCREMENT,
  `shipment_date` date NOT NULL,
  `customer_number` int NOT NULL,
  `order_number` int NOT NULL,
  PRIMARY KEY (`customer_shipment_id`),
  KEY `customer_number` (`customer_number`),
  KEY `order_number` (`order_number`),
  CONSTRAINT `customer_order_shipments_ibfk_1` FOREIGN KEY (`customer_number`) REFERENCES `customer_information` (`customer_id`),
  CONSTRAINT `customer_order_shipments_ibfk_2` FOREIGN KEY (`order_number`) REFERENCES `customer_product_orders` (`customer_invoice_order_id`)
) ENGINE=InnoDB AUTO_INCREMENT=68 DEFAULT CHARSET=utf8mb4 COLLATE=utf8mb4_0900_ai_ci;
/*!40101 SET character_set_client = @saved_cs_client */;

--
-- Dumping data for table `customer_order_shipments`
--

LOCK TABLES `customer_order_shipments` WRITE;
/*!40000 ALTER TABLE `customer_order_shipments` DISABLE KEYS */;
INSERT INTO `customer_order_shipments` VALUES (1,'2022-01-05',2,1),(2,'2022-01-15',9,20),(3,'2022-01-15',25,21),(4,'2022-01-15',26,22),(5,'2022-01-15',27,23),(6,'2022-01-15',28,24),(7,'2022-01-15',29,25),(8,'2022-01-15',30,26),(9,'2022-01-15',1,27),(10,'2022-01-15',2,28),(11,'2022-01-15',5,29),(12,'2022-01-15',6,30),(13,'2022-01-15',8,31),(14,'2022-01-15',11,32),(15,'2022-01-15',14,33),(16,'2022-01-15',16,34),(17,'2022-01-15',22,35),(18,'2022-01-15',23,36),(19,'2022-01-15',29,37),(20,'2022-01-15',30,38),(21,'2022-01-15',29,39),(22,'2022-01-15',22,40),(23,'2022-01-15',23,41),(24,'2022-01-15',24,42),(25,'2022-01-15',26,43),(26,'2022-01-15',27,44),(27,'2022-01-15',12,45),(28,'2022-01-22',13,46),(29,'2022-01-22',14,47),(30,'2022-01-22',15,48),(31,'2022-01-22',16,49),(32,'2022-01-22',2,50),(33,'2022-01-22',4,51),(34,'2022-01-22',5,52),(35,'2022-01-22',6,53),(36,'2022-01-22',7,54),(37,'2022-01-22',8,55),(38,'2022-01-22',9,56),(39,'2022-01-22',10,57),(40,'2022-01-22',2,58),(41,'2022-01-22',3,59),(42,'2022-01-22',1,60),(43,'2022-01-22',9,61),(44,'2022-01-22',11,62),(45,'2022-01-22',13,63),(46,'2022-01-22',14,64),(47,'2022-01-22',9,65),(48,'2022-01-22',10,66),(49,'2022-01-22',22,67),(50,'2022-01-29',26,68),(51,'2022-01-29',30,69),(52,'2022-01-29',29,70),(53,'2022-01-29',15,71),(54,'2022-01-29',16,72),(55,'2022-01-29',22,73),(56,'2022-01-29',6,74),(57,'2022-01-29',13,75),(58,'2022-01-29',10,76),(59,'2022-01-29',12,77),(60,'2022-01-29',15,78),(61,'2022-01-29',5,79),(62,'2022-01-29',9,80),(63,'2022-01-29',28,81),(64,'2022-01-29',11,82),(65,'2022-01-29',13,83),(66,'2022-01-29',2,84),(67,'2022-01-29',4,2);
/*!40000 ALTER TABLE `customer_order_shipments` ENABLE KEYS */;
UNLOCK TABLES;

--
-- Table structure for table `customer_product_orders`
--

DROP TABLE IF EXISTS `customer_product_orders`;
/*!40101 SET @saved_cs_client     = @@character_set_client */;
/*!50503 SET character_set_client = utf8mb4 */;
CREATE TABLE `customer_product_orders` (
  `customer_invoice_order_id` int NOT NULL AUTO_INCREMENT,
  `product_order_date` date NOT NULL,
  `item_order` int NOT NULL,
  `item_cost` int NOT NULL,
  `customer_no` int NOT NULL,
  `shipped` tinyint(1) DEFAULT NULL,
  PRIMARY KEY (`customer_invoice_order_id`),
  KEY `customer_no` (`customer_no`),
  KEY `item_order` (`item_order`),
  KEY `item_cost` (`item_cost`),
  CONSTRAINT `customer_product_orders_ibfk_1` FOREIGN KEY (`customer_no`) REFERENCES `customer_information` (`customer_id`),
  CONSTRAINT `customer_product_orders_ibfk_2` FOREIGN KEY (`item_order`) REFERENCES `inventory` (`inventory_id`),
  CONSTRAINT `customer_product_orders_ibfk_3` FOREIGN KEY (`item_cost`) REFERENCES `products_for_sale_pricesheet` (`products_code`)
) ENGINE=InnoDB AUTO_INCREMENT=85 DEFAULT CHARSET=utf8mb4 COLLATE=utf8mb4_0900_ai_ci;
/*!40101 SET character_set_client = @saved_cs_client */;

--
-- Dumping data for table `customer_product_orders`
--

LOCK TABLES `customer_product_orders` WRITE;
/*!40000 ALTER TABLE `customer_product_orders` DISABLE KEYS */;
INSERT INTO `customer_product_orders` VALUES (1,'2022-01-02',80001,8,2,1),(2,'2022-01-04',80003,8,4,1),(3,'2022-01-04',80003,8,1,1),(4,'2022-01-05',40070,4,2,1),(5,'2022-01-05',80004,8,5,1),(6,'2022-01-05',80005,8,8,1),(7,'2022-01-06',80006,8,3,1),(8,'2022-01-06',80007,8,4,1),(9,'2022-01-06',60001,6,5,1),(10,'2022-01-06',60002,6,9,1),(11,'2022-01-07',60003,6,10,1),(12,'2022-01-07',60004,6,11,1),(13,'2022-01-07',60005,6,7,1),(14,'2022-01-07',60006,6,10,1),(15,'2022-01-07',60007,6,11,1),(16,'2022-01-07',60008,6,12,1),(17,'2022-01-07',60009,6,14,1),(18,'2022-01-07',60010,6,22,1),(19,'2022-01-06',60001,6,5,1),(20,'2022-01-08',90003,9,9,1),(21,'2022-01-08',90004,9,25,1),(22,'2022-01-09',90005,9,26,1),(23,'2022-01-09',70100,7,27,1),(24,'2022-01-09',10010,10,28,1),(25,'2022-01-09',80011,8,29,1),(26,'2022-01-09',80012,8,30,1),(27,'2022-01-10',80013,8,1,1),(28,'2022-01-10',80014,8,2,1),(29,'2022-01-10',80015,8,5,1),(30,'2022-01-11',60003,6,6,1),(31,'2022-01-11',60004,6,8,1),(32,'2022-01-11',60005,6,11,1),(33,'2022-01-12',80006,8,14,1),(34,'2022-01-12',30003,3,16,1),(35,'2022-01-12',30004,3,22,1),(36,'2022-01-12',30005,3,23,1),(37,'2022-01-12',30006,3,29,1),(38,'2022-01-13',30007,3,30,1),(39,'2022-01-13',30008,3,29,1),(40,'2022-01-13',30009,3,22,1),(41,'2022-01-13',30010,3,23,1),(42,'2022-01-13',30011,3,24,1),(43,'2022-01-14',30012,3,26,1),(44,'2022-01-14',30013,3,27,1),(45,'2022-01-14',30014,3,12,1),(46,'2022-01-15',30015,3,13,1),(47,'2022-01-15',30016,3,14,1),(48,'2022-01-15',30017,3,15,1),(49,'2022-01-15',30018,3,16,1),(50,'2022-01-16',30019,3,2,1),(51,'2022-01-16',30020,3,4,1),(52,'2022-01-16',10022,11,5,1),(53,'2022-01-17',110001,11,6,1),(54,'2022-01-17',110002,11,7,1),(55,'2022-01-17',110003,11,8,1),(56,'2022-01-17',110004,11,9,1),(57,'2022-01-18',110005,11,10,1),(58,'2022-01-18',110006,11,2,1),(59,'2022-01-18',110007,11,3,1),(60,'2022-01-18',110008,11,1,1),(61,'2022-01-18',110009,11,9,1),(62,'2022-01-19',90053,9,11,1),(63,'2022-01-20',90054,9,13,1),(64,'2022-01-20',90055,9,14,1),(65,'2022-01-20',90056,9,9,1),(66,'2022-01-21',90057,9,10,1),(67,'2022-01-21',90058,9,22,1),(68,'2022-01-22',90059,9,26,1),(69,'2022-01-22',90060,9,30,1),(70,'2022-01-23',70061,7,29,1),(71,'2022-01-23',70062,7,15,1),(72,'2022-01-24',70063,7,16,1),(73,'2022-01-24',70064,7,22,1),(74,'2022-01-24',70065,7,6,1),(75,'2022-01-24',60071,6,13,1),(76,'2022-01-25',60072,6,10,1),(77,'2022-01-25',60073,6,12,1),(78,'2022-01-25',60074,6,15,1),(79,'2022-01-26',60075,6,5,1),(80,'2022-01-26',60076,6,9,1),(81,'2022-01-27',60077,6,28,1),(82,'2022-01-28',60078,6,11,1),(83,'2022-01-28',60079,6,13,1),(84,'2022-01-28',60080,6,2,1);
/*!40000 ALTER TABLE `customer_product_orders` ENABLE KEYS */;
UNLOCK TABLES;

--
-- Table structure for table `inventory`
--

DROP TABLE IF EXISTS `inventory`;
/*!40101 SET @saved_cs_client     = @@character_set_client */;
/*!50503 SET character_set_client = utf8mb4 */;
CREATE TABLE `inventory` (
  `inv_product_id` int NOT NULL,
  `inventory_id` int NOT NULL,
  `item_name` varchar(255) DEFAULT NULL,
  `item_color` varchar(255) DEFAULT NULL,
  `inv_quantity` int NOT NULL,
  `in_inventory_date` date DEFAULT NULL,
  PRIMARY KEY (`inventory_id`)
) ENGINE=InnoDB DEFAULT CHARSET=utf8mb4 COLLATE=utf8mb4_0900_ai_ci;
/*!40101 SET character_set_client = @saved_cs_client */;

--
-- Dumping data for table `inventory`
--

LOCK TABLES `inventory` WRITE;
/*!40000 ALTER TABLE `inventory` DISABLE KEYS */;
INSERT INTO `inventory` VALUES (1,10001,'staplers','black',1,'2021-12-31'),(1,10002,'staplers','black',1,'2021-12-31'),(1,10003,'staplers','black',1,'2021-12-31'),(1,10004,'staplers','black',1,'2021-12-31'),(1,10005,'staplers','black',1,'2021-12-31'),(1,10006,'staplers','black',1,'2021-12-31'),(1,10007,'staplers','black',1,'2021-12-31'),(1,10008,'staplers','black',1,'2021-12-31'),(1,10009,'staplers','black',1,'2021-12-31'),(1,10010,'staplers','black',0,'2021-12-31'),(1,10011,'staplers','black',1,'2021-12-31'),(1,10012,'staplers','black',1,'2021-12-31'),(1,10013,'staplers','black',1,'2021-12-31'),(1,10014,'staplers','black',1,'2021-12-31'),(1,10015,'staplers','black',1,'2021-12-31'),(1,10016,'staplers','black',1,'2021-12-31'),(1,10017,'staplers','black',1,'2021-12-31'),(1,10018,'staplers','black',1,'2021-12-31'),(1,10019,'staplers','black',1,'2021-12-31'),(1,10020,'staplers','black',1,'2021-12-31'),(1,10021,'staplers','black',1,'2021-12-31'),(1,10022,'staplers','black',1,'2021-12-31'),(1,10023,'staplers','black',1,'2021-12-31'),(1,10024,'staplers','black',1,'2021-12-31'),(1,10025,'staplers','black',1,'2021-12-31'),(1,10026,'staplers','black',1,'2021-12-31'),(1,10027,'staplers','black',1,'2021-12-31'),(1,10028,'staplers','black',1,'2021-12-31'),(1,10029,'staplers','black',1,'2021-12-31'),(1,10030,'staplers','black',1,'2021-12-31'),(1,10031,'staplers','black',1,'2021-12-31'),(1,10032,'staplers','black',1,'2021-12-31'),(1,10033,'staplers','black',1,'2021-12-31'),(1,10034,'staplers','black',1,'2021-12-31'),(1,10035,'staplers','black',1,'2021-12-31'),(1,10036,'staplers','black',1,'2021-12-31'),(1,10037,'staplers','black',1,'2021-12-31'),(1,10038,'staplers','black',1,'2021-12-31'),(1,10039,'staplers','black',1,'2021-12-31'),(1,10040,'staplers','black',1,'2021-12-31'),(1,10041,'staplers','black',1,'2021-12-31'),(1,10042,'staplers','black',1,'2021-12-31'),(1,10043,'staplers','black',1,'2021-12-31'),(1,10044,'staplers','black',1,'2021-12-31'),(1,10045,'staplers','black',1,'2021-12-31'),(1,10046,'staplers','black',1,'2021-12-31'),(1,10047,'staplers','black',1,'2021-12-31'),(1,10048,'staplers','black',1,'2021-12-31'),(1,10049,'staplers','black',1,'2021-12-31'),(1,10050,'staplers','black',1,'2021-12-31'),(1,10051,'staplers','black',1,'2021-12-31'),(1,10052,'staplers','black',1,'2021-12-31'),(1,10053,'staplers','black',1,'2021-12-31'),(1,10054,'staplers','black',1,'2021-12-31'),(1,10055,'staplers','black',1,'2021-12-31'),(1,10056,'staplers','black',1,'2021-12-31'),(1,10057,'staplers','black',1,'2021-12-31'),(1,10058,'staplers','black',1,'2021-12-31'),(1,10059,'staplers','black',1,'2021-12-31'),(1,10060,'staplers','black',1,'2021-12-31'),(1,10061,'staplers','black',1,'2021-12-31'),(1,10062,'staplers','black',1,'2021-12-31'),(1,10063,'staplers','black',1,'2021-12-31'),(1,10064,'staplers','black',1,'2021-12-31'),(1,10065,'staplers','black',1,'2021-12-31'),(1,10066,'staplers','black',1,'2021-12-31'),(1,10067,'staplers','black',1,'2021-12-31'),(1,10068,'staplers','black',1,'2021-12-31'),(1,10069,'staplers','black',1,'2021-12-31'),(1,10070,'staplers','black',1,'2021-12-31'),(1,10071,'staplers','black',1,'2021-12-31'),(1,10072,'staplers','black',1,'2021-12-31'),(1,10073,'staplers','black',1,'2021-12-31'),(1,10074,'staplers','black',1,'2021-12-31'),(1,10075,'staplers','black',1,'2021-12-31'),(1,10076,'staplers','black',1,'2021-12-31'),(1,10077,'staplers','black',1,'2021-12-31'),(1,10078,'staplers','black',1,'2021-12-31'),(1,10079,'staplers','black',1,'2021-12-31'),(1,10080,'staplers','black',1,'2021-12-31'),(1,10081,'staplers','black',1,'2021-12-31'),(1,10082,'staplers','black',1,'2021-12-31'),(1,10083,'staplers','black',1,'2021-12-31'),(1,10084,'staplers','black',1,'2021-12-31'),(1,10085,'staplers','black',1,'2021-12-31'),(1,10086,'staplers','black',1,'2021-12-31'),(1,10087,'staplers','black',1,'2021-12-31'),(1,10088,'staplers','black',1,'2021-12-31'),(1,10089,'staplers','black',1,'2021-12-31'),(1,10090,'staplers','black',1,'2021-12-31'),(1,10091,'staplers','black',1,'2021-12-31'),(1,10092,'staplers','black',1,'2021-12-31'),(1,10093,'staplers','black',1,'2021-12-31'),(1,10094,'staplers','black',1,'2021-12-31'),(1,10095,'staplers','black',1,'2021-12-31'),(1,10096,'staplers','black',1,'2021-12-31'),(1,10097,'staplers','black',1,'2021-12-31'),(1,10098,'staplers','black',1,'2021-12-31'),(1,10099,'staplers','black',1,'2021-12-31'),(1,10100,'staplers','black',1,'2021-12-31'),(2,20001,'staples box','black',1,'2021-12-31'),(2,20002,'staples box','black',1,'2021-12-31'),(2,20003,'staples box','black',1,'2021-12-31'),(2,20004,'staples box','black',1,'2021-12-31'),(2,20005,'staples box','black',1,'2021-12-31'),(2,20006,'staples box','black',1,'2021-12-31'),(2,20007,'staples box','black',1,'2021-12-31'),(2,20008,'staples box','black',1,'2021-12-31'),(2,20009,'staples box','black',1,'2021-12-31'),(2,20010,'staples box','black',1,'2021-12-31'),(2,20011,'staples box','black',1,'2021-12-31'),(2,20012,'staples box','black',1,'2021-12-31'),(2,20013,'staples box','black',1,'2021-12-31'),(2,20014,'staples box','black',1,'2021-12-31'),(2,20015,'staples box','black',1,'2021-12-31'),(2,20016,'staples box','black',1,'2021-12-31'),(2,20017,'staples box','black',1,'2021-12-31'),(2,20018,'staples box','black',1,'2021-12-31'),(2,20019,'staples box','black',1,'2021-12-31'),(2,20020,'staples box','black',1,'2021-12-31'),(2,20021,'staples box','black',1,'2021-12-31'),(2,20022,'staples box','black',1,'2021-12-31'),(2,20023,'staples box','black',1,'2021-12-31'),(2,20024,'staples box','black',1,'2021-12-31'),(2,20025,'staples box','black',1,'2021-12-31'),(2,20026,'staples box','black',1,'2021-12-31'),(2,20027,'staples box','black',1,'2021-12-31'),(2,20028,'staples box','black',1,'2021-12-31'),(2,20029,'staples box','black',1,'2021-12-31'),(2,20030,'staples box','black',1,'2021-12-31'),(2,20031,'staples box','black',1,'2021-12-31'),(2,20032,'staples box','black',1,'2021-12-31'),(2,20033,'staples box','black',1,'2021-12-31'),(2,20034,'staples box','black',1,'2021-12-31'),(2,20035,'staples box','black',1,'2021-12-31'),(2,20036,'staples box','black',1,'2021-12-31'),(2,20037,'staples box','black',1,'2021-12-31'),(2,20038,'staples box','black',1,'2021-12-31'),(2,20039,'staples box','black',1,'2021-12-31'),(2,20040,'staples box','black',1,'2021-12-31'),(2,20041,'staples box','black',1,'2021-12-31'),(2,20042,'staples box','black',1,'2021-12-31'),(2,20043,'staples box','black',1,'2021-12-31'),(2,20044,'staples box','black',1,'2021-12-31'),(2,20045,'staples box','black',1,'2021-12-31'),(2,20046,'staples box','black',1,'2021-12-31'),(2,20047,'staples box','black',1,'2021-12-31'),(2,20048,'staples box','black',1,'2021-12-31'),(2,20049,'staples box','black',1,'2021-12-31'),(2,20050,'staples box','black',1,'2021-12-31'),(2,20051,'staples box','black',1,'2021-12-31'),(2,20052,'staples box','black',1,'2021-12-31'),(2,20053,'staples box','black',1,'2021-12-31'),(2,20054,'staples box','black',1,'2021-12-31'),(2,20055,'staples box','black',1,'2021-12-31'),(2,20056,'staples box','black',1,'2021-12-31'),(2,20057,'staples box','black',1,'2021-12-31'),(2,20058,'staples box','black',1,'2021-12-31'),(2,20059,'staples box','black',1,'2021-12-31'),(2,20060,'staples box','black',1,'2021-12-31'),(2,20061,'staples box','black',1,'2021-12-31'),(2,20062,'staples box','black',1,'2021-12-31'),(2,20063,'staples box','black',1,'2021-12-31'),(2,20064,'staples box','black',1,'2021-12-31'),(2,20065,'staples box','black',1,'2021-12-31'),(2,20066,'staples box','black',1,'2021-12-31'),(2,20067,'staples box','black',1,'2021-12-31'),(2,20068,'staples box','black',1,'2021-12-31'),(2,20069,'staples box','black',1,'2021-12-31'),(2,20070,'staples box','black',1,'2021-12-31'),(2,20071,'staples box','black',1,'2021-12-31'),(2,20072,'staples box','black',1,'2021-12-31'),(2,20073,'staples box','black',1,'2021-12-31'),(2,20074,'staples box','black',1,'2021-12-31'),(2,20075,'staples box','black',1,'2021-12-31'),(2,20076,'staples box','black',1,'2021-12-31'),(2,20077,'staples box','black',1,'2021-12-31'),(2,20078,'staples box','black',1,'2021-12-31'),(2,20079,'staples box','black',1,'2021-12-31'),(2,20080,'staples box','black',1,'2021-12-31'),(2,20081,'staples box','black',1,'2021-12-31'),(2,20082,'staples box','black',1,'2021-12-31'),(2,20083,'staples box','black',1,'2021-12-31'),(2,20084,'staples box','black',1,'2021-12-31'),(2,20085,'staples box','black',1,'2021-12-31'),(2,20086,'staples box','black',1,'2021-12-31'),(2,20087,'staples box','black',1,'2021-12-31'),(2,20088,'staples box','black',1,'2021-12-31'),(2,20089,'staples box','black',1,'2021-12-31'),(2,20090,'staples box','black',1,'2021-12-31'),(2,20091,'staples box','black',1,'2021-12-31'),(2,20092,'staples box','black',1,'2021-12-31'),(2,20093,'staples box','black',1,'2021-12-31'),(2,20094,'staples box','black',1,'2021-12-31'),(2,20095,'staples box','black',1,'2021-12-31'),(2,20096,'staples box','black',1,'2021-12-31'),(2,20097,'staples box','black',1,'2021-12-31'),(2,20098,'staples box','black',1,'2021-12-31'),(2,20099,'staples box','black',1,'2021-12-31'),(2,20100,'staples box','black',1,'2021-12-31'),(3,30001,'pens','black',1,'2021-12-31'),(3,30002,'pens','black',1,'2021-12-31'),(3,30003,'pens','black',0,'2021-12-31'),(3,30004,'pens','black',0,'2021-12-31'),(3,30005,'pens','black',0,'2021-12-31'),(3,30006,'pens','black',0,'2021-12-31'),(3,30007,'pens','black',0,'2021-12-31'),(3,30008,'pens','black',0,'2021-12-31'),(3,30009,'pens','black',0,'2021-12-31'),(3,30010,'pens','black',0,'2021-12-31'),(3,30011,'pens','black',0,'2021-12-31'),(3,30012,'pens','black',0,'2021-12-31'),(3,30013,'pens','black',0,'2021-12-31'),(3,30014,'pens','black',0,'2021-12-31'),(3,30015,'pens','black',0,'2021-12-31'),(3,30016,'pens','black',0,'2021-12-31'),(3,30017,'pens','black',0,'2021-12-31'),(3,30018,'pens','black',0,'2021-12-31'),(3,30019,'pens','black',0,'2021-12-31'),(3,30020,'pens','black',0,'2021-12-31'),(3,30021,'pens','black',1,'2021-12-31'),(3,30022,'pens','black',1,'2021-12-31'),(3,30023,'pens','black',1,'2021-12-31'),(3,30024,'pens','black',1,'2021-12-31'),(3,30025,'pens','black',1,'2021-12-31'),(3,30026,'pens','black',1,'2021-12-31'),(3,30027,'pens','black',1,'2021-12-31'),(3,30028,'pens','black',1,'2021-12-31'),(3,30029,'pens','black',1,'2021-12-31'),(3,30030,'pens','black',1,'2021-12-31'),(3,30031,'pens','black',1,'2021-12-31'),(3,30032,'pens','black',1,'2021-12-31'),(3,30033,'pens','black',1,'2021-12-31'),(3,30034,'pens','black',1,'2021-12-31'),(3,30035,'pens','black',1,'2021-12-31'),(3,30036,'pens','black',1,'2021-12-31'),(3,30037,'pens','black',1,'2021-12-31'),(3,30038,'pens','black',1,'2021-12-31'),(3,30039,'pens','black',1,'2021-12-31'),(3,30040,'pens','black',1,'2021-12-31'),(3,30041,'pens','black',1,'2021-12-31'),(3,30042,'pens','black',1,'2021-12-31'),(3,30043,'pens','black',1,'2021-12-31'),(3,30044,'pens','black',1,'2021-12-31'),(3,30045,'pens','black',1,'2021-12-31'),(3,30046,'pens','black',1,'2021-12-31'),(3,30047,'pens','black',1,'2021-12-31'),(3,30048,'pens','black',1,'2021-12-31'),(3,30049,'pens','black',1,'2021-12-31'),(3,30050,'pens','black',1,'2021-12-31'),(3,30051,'pens','black',1,'2021-12-31'),(3,30052,'pens','black',1,'2021-12-31'),(3,30053,'pens','black',1,'2021-12-31'),(3,30054,'pens','black',1,'2021-12-31'),(3,30055,'pens','black',1,'2021-12-31'),(3,30056,'pens','black',1,'2021-12-31'),(3,30057,'pens','black',1,'2021-12-31'),(3,30058,'pens','black',1,'2021-12-31'),(3,30059,'pens','black',1,'2021-12-31'),(3,30060,'pens','black',1,'2021-12-31'),(3,30061,'pens','black',1,'2021-12-31'),(3,30062,'pens','black',1,'2021-12-31'),(3,30063,'pens','black',1,'2021-12-31'),(3,30064,'pens','black',1,'2021-12-31'),(3,30065,'pens','black',1,'2021-12-31'),(3,30066,'pens','black',1,'2021-12-31'),(3,30067,'pens','black',1,'2021-12-31'),(3,30068,'pens','black',1,'2021-12-31'),(3,30069,'pens','black',1,'2021-12-31'),(3,30070,'pens','black',1,'2021-12-31'),(3,30071,'pens','black',1,'2021-12-31'),(3,30072,'pens','black',1,'2021-12-31'),(3,30073,'pens','black',1,'2021-12-31'),(3,30074,'pens','black',1,'2021-12-31'),(3,30075,'pens','black',1,'2021-12-31'),(3,30076,'pens','black',1,'2021-12-31'),(3,30077,'pens','black',1,'2021-12-31'),(3,30078,'pens','black',1,'2021-12-31'),(3,30079,'pens','black',1,'2021-12-31'),(3,30080,'pens','black',1,'2021-12-31'),(3,30081,'pens','black',1,'2021-12-31'),(3,30082,'pens','black',1,'2021-12-31'),(3,30083,'pens','black',1,'2021-12-31'),(3,30084,'pens','black',1,'2021-12-31'),(3,30085,'pens','black',1,'2021-12-31'),(3,30086,'pens','black',1,'2021-12-31'),(3,30087,'pens','black',1,'2021-12-31'),(3,30088,'pens','black',1,'2021-12-31'),(3,30089,'pens','black',1,'2021-12-31'),(3,30090,'pens','black',1,'2021-12-31'),(3,30091,'pens','black',1,'2021-12-31'),(3,30092,'pens','black',1,'2021-12-31'),(3,30093,'pens','black',1,'2021-12-31'),(3,30094,'pens','black',1,'2021-12-31'),(3,30095,'pens','black',1,'2021-12-31'),(3,30096,'pens','black',1,'2021-12-31'),(3,30097,'pens','black',1,'2021-12-31'),(3,30098,'pens','black',1,'2021-12-31'),(3,30099,'pens','black',1,'2021-12-31'),(3,30100,'pens','black',1,'2021-12-31'),(4,40001,'pens','blue',1,'2021-12-31'),(4,40002,'pens','blue',1,'2021-12-31'),(4,40003,'pens','blue',1,'2021-12-31'),(4,40004,'pens','blue',1,'2021-12-31'),(4,40005,'pens','blue',1,'2021-12-31'),(4,40006,'pens','blue',1,'2021-12-31'),(4,40007,'pens','blue',1,'2021-12-31'),(4,40008,'pens','blue',1,'2021-12-31'),(4,40009,'pens','blue',1,'2021-12-31'),(4,40010,'pens','blue',1,'2021-12-31'),(4,40011,'pens','blue',1,'2021-12-31'),(4,40012,'pens','blue',1,'2021-12-31'),(4,40013,'pens','blue',1,'2021-12-31'),(4,40014,'pens','blue',1,'2021-12-31'),(4,40015,'pens','blue',1,'2021-12-31'),(4,40016,'pens','blue',1,'2021-12-31'),(4,40017,'pens','blue',1,'2021-12-31'),(4,40018,'pens','blue',1,'2021-12-31'),(4,40019,'pens','blue',1,'2021-12-31'),(4,40020,'pens','blue',1,'2021-12-31'),(4,40021,'pens','blue',1,'2021-12-31'),(4,40022,'pens','blue',1,'2021-12-31'),(4,40023,'pens','blue',1,'2021-12-31'),(4,40024,'pens','blue',1,'2021-12-31'),(4,40025,'pens','blue',1,'2021-12-31'),(4,40026,'pens','blue',1,'2021-12-31'),(4,40027,'pens','blue',1,'2021-12-31'),(4,40028,'pens','blue',1,'2021-12-31'),(4,40029,'pens','blue',1,'2021-12-31'),(4,40030,'pens','blue',1,'2021-12-31'),(4,40031,'pens','blue',1,'2021-12-31'),(4,40032,'pens','blue',1,'2021-12-31'),(4,40033,'pens','blue',1,'2021-12-31'),(4,40034,'pens','blue',1,'2021-12-31'),(4,40035,'pens','blue',1,'2021-12-31'),(4,40036,'pens','blue',1,'2021-12-31'),(4,40037,'pens','blue',1,'2021-12-31'),(4,40038,'pens','blue',1,'2021-12-31'),(4,40039,'pens','blue',1,'2021-12-31'),(4,40040,'pens','blue',1,'2021-12-31'),(4,40041,'pens','blue',1,'2021-12-31'),(4,40042,'pens','blue',1,'2021-12-31'),(4,40043,'pens','blue',1,'2021-12-31'),(4,40044,'pens','blue',1,'2021-12-31'),(4,40045,'pens','blue',1,'2021-12-31'),(4,40046,'pens','blue',1,'2021-12-31'),(4,40047,'pens','blue',1,'2021-12-31'),(4,40048,'pens','blue',1,'2021-12-31'),(4,40049,'pens','blue',1,'2021-12-31'),(4,40050,'pens','blue',1,'2021-12-31'),(4,40051,'pens','blue',1,'2021-12-31'),(4,40052,'pens','blue',1,'2021-12-31'),(4,40053,'pens','blue',1,'2021-12-31'),(4,40054,'pens','blue',1,'2021-12-31'),(4,40055,'pens','blue',1,'2021-12-31'),(4,40056,'pens','blue',1,'2021-12-31'),(4,40057,'pens','blue',1,'2021-12-31'),(4,40058,'pens','blue',1,'2021-12-31'),(4,40059,'pens','blue',1,'2021-12-31'),(4,40060,'pens','blue',1,'2021-12-31'),(4,40061,'pens','blue',1,'2021-12-31'),(4,40062,'pens','blue',1,'2021-12-31'),(4,40063,'pens','blue',1,'2021-12-31'),(4,40064,'pens','blue',1,'2021-12-31'),(4,40065,'pens','blue',1,'2021-12-31'),(4,40066,'pens','blue',1,'2021-12-31'),(4,40067,'pens','blue',1,'2021-12-31'),(4,40068,'pens','blue',1,'2021-12-31'),(4,40069,'pens','blue',1,'2021-12-31'),(4,40070,'pens','blue',0,'2021-12-31'),(4,40071,'pens','blue',1,'2021-12-31'),(4,40072,'pens','blue',1,'2021-12-31'),(4,40073,'pens','blue',1,'2021-12-31'),(4,40074,'pens','blue',1,'2021-12-31'),(4,40075,'pens','blue',1,'2021-12-31'),(4,40076,'pens','blue',1,'2021-12-31'),(4,40077,'pens','blue',1,'2021-12-31'),(4,40078,'pens','blue',1,'2021-12-31'),(4,40079,'pens','blue',1,'2021-12-31'),(4,40080,'pens','blue',1,'2021-12-31'),(4,40081,'pens','blue',1,'2021-12-31'),(4,40082,'pens','blue',1,'2021-12-31'),(4,40083,'pens','blue',1,'2021-12-31'),(4,40084,'pens','blue',1,'2021-12-31'),(4,40085,'pens','blue',1,'2021-12-31'),(4,40086,'pens','blue',1,'2021-12-31'),(4,40087,'pens','blue',1,'2021-12-31'),(4,40088,'pens','blue',1,'2021-12-31'),(4,40089,'pens','blue',1,'2021-12-31'),(4,40090,'pens','blue',1,'2021-12-31'),(4,40091,'pens','blue',1,'2021-12-31'),(4,40092,'pens','blue',1,'2021-12-31'),(4,40093,'pens','blue',1,'2021-12-31'),(4,40094,'pens','blue',1,'2021-12-31'),(4,40095,'pens','blue',1,'2021-12-31'),(4,40096,'pens','blue',1,'2021-12-31'),(4,40097,'pens','blue',1,'2021-12-31'),(4,40098,'pens','blue',1,'2021-12-31'),(4,40099,'pens','blue',1,'2021-12-31'),(4,40100,'pens','blue',1,'2021-12-31'),(5,50001,'pencils','black and yellow',1,'2021-12-31'),(5,50002,'pencils','black and yellow',1,'2021-12-31'),(5,50003,'pencils','black and yellow',1,'2021-12-31'),(5,50004,'pencils','black and yellow',1,'2021-12-31'),(5,50005,'pencils','black and yellow',1,'2021-12-31'),(5,50006,'pencils','black and yellow',1,'2021-12-31'),(5,50007,'pencils','black and yellow',1,'2021-12-31'),(5,50008,'pencils','black and yellow',1,'2021-12-31'),(5,50009,'pencils','black and yellow',1,'2021-12-31'),(5,50010,'pencils','black and yellow',1,'2021-12-31'),(5,50011,'pencils','black and yellow',1,'2021-12-31'),(5,50012,'pencils','black and yellow',1,'2021-12-31'),(5,50013,'pencils','black and yellow',1,'2021-12-31'),(5,50014,'pencils','black and yellow',1,'2021-12-31'),(5,50015,'pencils','black and yellow',1,'2021-12-31'),(5,50016,'pencils','black and yellow',1,'2021-12-31'),(5,50017,'pencils','black and yellow',1,'2021-12-31'),(5,50018,'pencils','black and yellow',1,'2021-12-31'),(5,50019,'pencils','black and yellow',1,'2021-12-31'),(5,50020,'pencils','black and yellow',1,'2021-12-31'),(5,50021,'pencils','black and yellow',1,'2021-12-31'),(5,50022,'pencils','black and yellow',1,'2021-12-31'),(5,50023,'pencils','black and yellow',1,'2021-12-31'),(5,50024,'pencils','black and yellow',1,'2021-12-31'),(5,50025,'pencils','black and yellow',1,'2021-12-31'),(5,50026,'pencils','black and yellow',1,'2021-12-31'),(5,50027,'pencils','black and yellow',1,'2021-12-31'),(5,50028,'pencils','black and yellow',1,'2021-12-31'),(5,50029,'pencils','black and yellow',1,'2021-12-31'),(5,50030,'pencils','black and yellow',1,'2021-12-31'),(5,50031,'pencils','black and yellow',1,'2021-12-31'),(5,50032,'pencils','black and yellow',1,'2021-12-31'),(5,50033,'pencils','black and yellow',1,'2021-12-31'),(5,50034,'pencils','black and yellow',1,'2021-12-31'),(5,50035,'pencils','black and yellow',1,'2021-12-31'),(5,50036,'pencils','black and yellow',1,'2021-12-31'),(5,50037,'pencils','black and yellow',1,'2021-12-31'),(5,50038,'pencils','black and yellow',1,'2021-12-31'),(5,50039,'pencils','black and yellow',1,'2021-12-31'),(5,50040,'pencils','black and yellow',1,'2021-12-31'),(5,50041,'pencils','black and yellow',1,'2021-12-31'),(5,50042,'pencils','black and yellow',1,'2021-12-31'),(5,50043,'pencils','black and yellow',1,'2021-12-31'),(5,50044,'pencils','black and yellow',1,'2021-12-31'),(5,50045,'pencils','black and yellow',1,'2021-12-31'),(5,50046,'pencils','black and yellow',1,'2021-12-31'),(5,50047,'pencils','black and yellow',1,'2021-12-31'),(5,50048,'pencils','black and yellow',1,'2021-12-31'),(5,50049,'pencils','black and yellow',1,'2021-12-31'),(5,50050,'pencils','black and yellow',1,'2021-12-31'),(5,50051,'pencils','black and yellow',1,'2021-12-31'),(5,50052,'pencils','black and yellow',1,'2021-12-31'),(5,50053,'pencils','black and yellow',1,'2021-12-31'),(5,50054,'pencils','black and yellow',1,'2021-12-31'),(5,50055,'pencils','black and yellow',1,'2021-12-31'),(5,50056,'pencils','black and yellow',1,'2021-12-31'),(5,50057,'pencils','black and yellow',1,'2021-12-31'),(5,50058,'pencils','black and yellow',1,'2021-12-31'),(5,50059,'pencils','black and yellow',1,'2021-12-31'),(5,50060,'pencils','black and yellow',1,'2021-12-31'),(5,50061,'pencils','black and yellow',1,'2021-12-31'),(5,50062,'pencils','black and yellow',1,'2021-12-31'),(5,50063,'pencils','black and yellow',1,'2021-12-31'),(5,50064,'pencils','black and yellow',1,'2021-12-31'),(5,50065,'pencils','black and yellow',1,'2021-12-31'),(5,50066,'pencils','black and yellow',1,'2021-12-31'),(5,50067,'pencils','black and yellow',1,'2021-12-31'),(5,50068,'pencils','black and yellow',1,'2021-12-31'),(5,50069,'pencils','black and yellow',1,'2021-12-31'),(5,50070,'pencils','black and yellow',1,'2021-12-31'),(5,50071,'pencils','black and yellow',1,'2021-12-31'),(5,50072,'pencils','black and yellow',1,'2021-12-31'),(5,50073,'pencils','black and yellow',1,'2021-12-31'),(5,50074,'pencils','black and yellow',1,'2021-12-31'),(5,50075,'pencils','black and yellow',1,'2021-12-31'),(5,50076,'pencils','black and yellow',1,'2021-12-31'),(5,50077,'pencils','black and yellow',1,'2021-12-31'),(5,50078,'pencils','black and yellow',1,'2021-12-31'),(5,50079,'pencils','black and yellow',1,'2021-12-31'),(5,50080,'pencils','black and yellow',1,'2021-12-31'),(5,50081,'pencils','black and yellow',1,'2021-12-31'),(5,50082,'pencils','black and yellow',1,'2021-12-31'),(5,50083,'pencils','black and yellow',1,'2021-12-31'),(5,50084,'pencils','black and yellow',1,'2021-12-31'),(5,50085,'pencils','black and yellow',1,'2021-12-31'),(5,50086,'pencils','black and yellow',1,'2021-12-31'),(5,50087,'pencils','black and yellow',1,'2021-12-31'),(5,50088,'pencils','black and yellow',1,'2021-12-31'),(5,50089,'pencils','black and yellow',1,'2021-12-31'),(5,50090,'pencils','black and yellow',1,'2021-12-31'),(5,50091,'pencils','black and yellow',1,'2021-12-31'),(5,50092,'pencils','black and yellow',1,'2021-12-31'),(5,50093,'pencils','black and yellow',1,'2021-12-31'),(5,50094,'pencils','black and yellow',1,'2021-12-31'),(5,50095,'pencils','black and yellow',1,'2021-12-31'),(5,50096,'pencils','black and yellow',1,'2021-12-31'),(5,50097,'pencils','black and yellow',1,'2021-12-31'),(5,50098,'pencils','black and yellow',1,'2021-12-31'),(5,50099,'pencils','black and yellow',1,'2021-12-31'),(5,50100,'pencils','black and yellow',1,'2021-12-31'),(6,60001,'desk chairs','black',-1,'2021-12-31'),(6,60002,'desk chairs','black',0,'2021-12-31'),(6,60003,'desk chairs','black',-1,'2021-12-31'),(6,60004,'desk chairs','black',-1,'2021-12-31'),(6,60005,'desk chairs','black',-1,'2021-12-31'),(6,60006,'desk chairs','black',0,'2021-12-31'),(6,60007,'desk chairs','black',0,'2021-12-31'),(6,60008,'desk chairs','black',0,'2021-12-31'),(6,60009,'desk chairs','black',0,'2021-12-31'),(6,60010,'desk chairs','black',0,'2021-12-31'),(6,60011,'desk chairs','black',1,'2021-12-31'),(6,60012,'desk chairs','black',1,'2021-12-31'),(6,60013,'desk chairs','black',1,'2021-12-31'),(6,60014,'desk chairs','black',1,'2021-12-31'),(6,60015,'desk chairs','black',1,'2021-12-31'),(6,60016,'desk chairs','black',1,'2021-12-31'),(6,60017,'desk chairs','black',1,'2021-12-31'),(6,60018,'desk chairs','black',1,'2021-12-31'),(6,60019,'desk chairs','black',1,'2021-12-31'),(6,60020,'desk chairs','black',1,'2021-12-31'),(6,60021,'desk chairs','black',1,'2021-12-31'),(6,60022,'desk chairs','black',1,'2021-12-31'),(6,60023,'desk chairs','black',1,'2021-12-31'),(6,60024,'desk chairs','black',1,'2021-12-31'),(6,60025,'desk chairs','black',1,'2021-12-31'),(6,60026,'desk chairs','black',1,'2021-12-31'),(6,60027,'desk chairs','black',1,'2021-12-31'),(6,60028,'desk chairs','black',1,'2021-12-31'),(6,60029,'desk chairs','black',1,'2021-12-31'),(6,60030,'desk chairs','black',1,'2021-12-31'),(6,60031,'desk chairs','black',1,'2021-12-31'),(6,60032,'desk chairs','black',1,'2021-12-31'),(6,60033,'desk chairs','black',1,'2021-12-31'),(6,60034,'desk chairs','black',1,'2021-12-31'),(6,60035,'desk chairs','black',1,'2021-12-31'),(6,60036,'desk chairs','black',1,'2021-12-31'),(6,60037,'desk chairs','black',1,'2021-12-31'),(6,60038,'desk chairs','black',1,'2021-12-31'),(6,60039,'desk chairs','black',1,'2021-12-31'),(6,60040,'desk chairs','black',1,'2021-12-31'),(6,60041,'desk chairs','black',1,'2021-12-31'),(6,60042,'desk chairs','black',1,'2021-12-31'),(6,60043,'desk chairs','black',1,'2021-12-31'),(6,60044,'desk chairs','black',1,'2021-12-31'),(6,60045,'desk chairs','black',1,'2021-12-31'),(6,60046,'desk chairs','black',1,'2021-12-31'),(6,60047,'desk chairs','black',1,'2021-12-31'),(6,60048,'desk chairs','black',1,'2021-12-31'),(6,60049,'desk chairs','black',1,'2021-12-31'),(6,60050,'desk chairs','black',1,'2021-12-31'),(6,60051,'desk chairs','black',1,'2021-12-31'),(6,60052,'desk chairs','black',1,'2021-12-31'),(6,60053,'desk chairs','black',1,'2021-12-31'),(6,60054,'desk chairs','black',1,'2021-12-31'),(6,60055,'desk chairs','black',1,'2021-12-31'),(6,60056,'desk chairs','black',1,'2021-12-31'),(6,60057,'desk chairs','black',1,'2021-12-31'),(6,60058,'desk chairs','black',1,'2021-12-31'),(6,60059,'desk chairs','black',1,'2021-12-31'),(6,60060,'desk chairs','black',1,'2021-12-31'),(6,60061,'desk chairs','black',1,'2021-12-31'),(6,60062,'desk chairs','black',1,'2021-12-31'),(6,60063,'desk chairs','black',1,'2021-12-31'),(6,60064,'desk chairs','black',1,'2021-12-31'),(6,60065,'desk chairs','black',1,'2021-12-31'),(6,60066,'desk chairs','black',1,'2021-12-31'),(6,60067,'desk chairs','black',1,'2021-12-31'),(6,60068,'desk chairs','black',1,'2021-12-31'),(6,60069,'desk chairs','black',1,'2021-12-31'),(6,60070,'desk chairs','black',1,'2021-12-31'),(6,60071,'desk chairs','black',1,'2021-12-31'),(6,60072,'desk chairs','black',1,'2021-12-31'),(6,60073,'desk chairs','black',1,'2021-12-31'),(6,60074,'desk chairs','black',1,'2021-12-31'),(6,60075,'desk chairs','black',1,'2021-12-31'),(6,60076,'desk chairs','black',1,'2021-12-31'),(6,60077,'desk chairs','black',1,'2021-12-31'),(6,60078,'desk chairs','black',1,'2021-12-31'),(6,60079,'desk chairs','black',1,'2021-12-31'),(6,60080,'desk chairs','black',1,'2021-12-31'),(6,60081,'desk chairs','black',1,'2021-12-31'),(6,60082,'desk chairs','black',1,'2021-12-31'),(6,60083,'desk chairs','black',1,'2021-12-31'),(6,60084,'desk chairs','black',1,'2021-12-31'),(6,60085,'desk chairs','black',1,'2021-12-31'),(6,60086,'desk chairs','black',1,'2021-12-31'),(6,60087,'desk chairs','black',1,'2021-12-31'),(6,60088,'desk chairs','black',1,'2021-12-31'),(6,60089,'desk chairs','black',1,'2021-12-31'),(6,60090,'desk chairs','black',1,'2021-12-31'),(6,60091,'desk chairs','black',1,'2021-12-31'),(6,60092,'desk chairs','black',1,'2021-12-31'),(6,60093,'desk chairs','black',1,'2021-12-31'),(6,60094,'desk chairs','black',1,'2021-12-31'),(6,60095,'desk chairs','black',1,'2021-12-31'),(6,60096,'desk chairs','black',1,'2021-12-31'),(6,60097,'desk chairs','black',1,'2021-12-31'),(6,60098,'desk chairs','black',1,'2021-12-31'),(6,60099,'desk chairs','black',1,'2021-12-31'),(6,60100,'desk chairs','black',1,'2021-12-31'),(7,70001,'desk chairs','white',1,'2021-12-31'),(7,70002,'desk chairs','white',1,'2021-12-31'),(7,70003,'desk chairs','white',1,'2021-12-31'),(7,70004,'desk chairs','white',1,'2021-12-31'),(7,70005,'desk chairs','white',1,'2021-12-31'),(7,70006,'desk chairs','white',1,'2021-12-31'),(7,70007,'desk chairs','white',1,'2021-12-31'),(7,70008,'desk chairs','white',1,'2021-12-31'),(7,70009,'desk chairs','white',1,'2021-12-31'),(7,70010,'desk chairs','white',1,'2021-12-31'),(7,70011,'desk chairs','white',1,'2021-12-31'),(7,70012,'desk chairs','white',1,'2021-12-31'),(7,70013,'desk chairs','white',1,'2021-12-31'),(7,70014,'desk chairs','white',1,'2021-12-31'),(7,70015,'desk chairs','white',1,'2021-12-31'),(7,70016,'desk chairs','white',1,'2021-12-31'),(7,70017,'desk chairs','white',1,'2021-12-31'),(7,70018,'desk chairs','white',1,'2021-12-31'),(7,70019,'desk chairs','white',1,'2021-12-31'),(7,70020,'desk chairs','white',1,'2021-12-31'),(7,70021,'desk chairs','white',1,'2021-12-31'),(7,70022,'desk chairs','white',1,'2021-12-31'),(7,70023,'desk chairs','white',1,'2021-12-31'),(7,70024,'desk chairs','white',1,'2021-12-31'),(7,70025,'desk chairs','white',1,'2021-12-31'),(7,70026,'desk chairs','white',1,'2021-12-31'),(7,70027,'desk chairs','white',1,'2021-12-31'),(7,70028,'desk chairs','white',1,'2021-12-31'),(7,70029,'desk chairs','white',1,'2021-12-31'),(7,70030,'desk chairs','white',1,'2021-12-31'),(7,70031,'desk chairs','white',1,'2021-12-31'),(7,70032,'desk chairs','white',1,'2021-12-31'),(7,70033,'desk chairs','white',1,'2021-12-31'),(7,70034,'desk chairs','white',1,'2021-12-31'),(7,70035,'desk chairs','white',1,'2021-12-31'),(7,70036,'desk chairs','white',1,'2021-12-31'),(7,70037,'desk chairs','white',1,'2021-12-31'),(7,70038,'desk chairs','white',1,'2021-12-31'),(7,70039,'desk chairs','white',1,'2021-12-31'),(7,70040,'desk chairs','white',1,'2021-12-31'),(7,70041,'desk chairs','white',1,'2021-12-31'),(7,70042,'desk chairs','white',1,'2021-12-31'),(7,70043,'desk chairs','white',1,'2021-12-31'),(7,70044,'desk chairs','white',1,'2021-12-31'),(7,70045,'desk chairs','white',1,'2021-12-31'),(7,70046,'desk chairs','white',1,'2021-12-31'),(7,70047,'desk chairs','white',1,'2021-12-31'),(7,70048,'desk chairs','white',1,'2021-12-31'),(7,70049,'desk chairs','white',1,'2021-12-31'),(7,70050,'desk chairs','white',1,'2021-12-31'),(7,70051,'desk chairs','white',1,'2021-12-31'),(7,70052,'desk chairs','white',1,'2021-12-31'),(7,70053,'desk chairs','white',1,'2021-12-31'),(7,70054,'desk chairs','white',1,'2021-12-31'),(7,70055,'desk chairs','white',1,'2021-12-31'),(7,70056,'desk chairs','white',1,'2021-12-31'),(7,70057,'desk chairs','white',1,'2021-12-31'),(7,70058,'desk chairs','white',1,'2021-12-31'),(7,70059,'desk chairs','white',1,'2021-12-31'),(7,70060,'desk chairs','white',1,'2021-12-31'),(7,70061,'desk chairs','white',1,'2021-12-31'),(7,70062,'desk chairs','white',1,'2021-12-31'),(7,70063,'desk chairs','white',1,'2021-12-31'),(7,70064,'desk chairs','white',1,'2021-12-31'),(7,70065,'desk chairs','white',1,'2021-12-31'),(7,70066,'desk chairs','white',1,'2021-12-31'),(7,70067,'desk chairs','white',1,'2021-12-31'),(7,70068,'desk chairs','white',1,'2021-12-31'),(7,70069,'desk chairs','white',1,'2021-12-31'),(7,70070,'desk chairs','white',1,'2021-12-31'),(7,70071,'desk chairs','white',1,'2021-12-31'),(7,70072,'desk chairs','white',1,'2021-12-31'),(7,70073,'desk chairs','white',1,'2021-12-31'),(7,70074,'desk chairs','white',1,'2021-12-31'),(7,70075,'desk chairs','white',1,'2021-12-31'),(7,70076,'desk chairs','white',1,'2021-12-31'),(7,70077,'desk chairs','white',1,'2021-12-31'),(7,70078,'desk chairs','white',1,'2021-12-31'),(7,70079,'desk chairs','white',1,'2021-12-31'),(7,70080,'desk chairs','white',1,'2021-12-31'),(7,70081,'desk chairs','white',1,'2021-12-31'),(7,70082,'desk chairs','white',1,'2021-12-31'),(7,70083,'desk chairs','white',1,'2021-12-31'),(7,70084,'desk chairs','white',1,'2021-12-31'),(7,70085,'desk chairs','white',1,'2021-12-31'),(7,70086,'desk chairs','white',1,'2021-12-31'),(7,70087,'desk chairs','white',1,'2021-12-31'),(7,70088,'desk chairs','white',1,'2021-12-31'),(7,70089,'desk chairs','white',1,'2021-12-31'),(7,70090,'desk chairs','white',1,'2021-12-31'),(7,70091,'desk chairs','white',1,'2021-12-31'),(7,70092,'desk chairs','white',1,'2021-12-31'),(7,70093,'desk chairs','white',1,'2021-12-31'),(7,70094,'desk chairs','white',1,'2021-12-31'),(7,70095,'desk chairs','white',1,'2021-12-31'),(7,70096,'desk chairs','white',1,'2021-12-31'),(7,70097,'desk chairs','white',1,'2021-12-31'),(7,70098,'desk chairs','white',1,'2021-12-31'),(7,70099,'desk chairs','white',1,'2021-12-31'),(7,70100,'desk chairs','white',0,'2021-12-31'),(8,80001,'desk chairs','turquoise',0,'2021-12-31'),(8,80002,'desk chairs','turquoise',1,'2021-12-31'),(8,80003,'desk chairs','turquoise',-1,'2021-12-31'),(8,80004,'desk chairs','turquoise',0,'2021-12-31'),(8,80005,'desk chairs','turquoise',0,'2021-12-31'),(8,80006,'desk chairs','turquoise',-1,'2021-12-31'),(8,80007,'desk chairs','turquoise',0,'2021-12-31'),(8,80008,'desk chairs','turquoise',1,'2021-12-31'),(8,80009,'desk chairs','turquoise',1,'2021-12-31'),(8,80010,'desk chairs','turquoise',1,'2021-12-31'),(8,80011,'desk chairs','turquoise',0,'2021-12-31'),(8,80012,'desk chairs','turquoise',0,'2021-12-31'),(8,80013,'desk chairs','turquoise',0,'2021-12-31'),(8,80014,'desk chairs','turquoise',0,'2021-12-31'),(8,80015,'desk chairs','turquoise',0,'2021-12-31'),(8,80016,'desk chairs','turquoise',1,'2021-12-31'),(8,80017,'desk chairs','turquoise',1,'2021-12-31'),(8,80018,'desk chairs','turquoise',1,'2021-12-31'),(8,80019,'desk chairs','turquoise',1,'2021-12-31'),(8,80020,'desk chairs','turquoise',1,'2021-12-31'),(8,80021,'desk chairs','turquoise',1,'2021-12-31'),(8,80022,'desk chairs','turquoise',1,'2021-12-31'),(8,80023,'desk chairs','turquoise',1,'2021-12-31'),(8,80024,'desk chairs','turquoise',1,'2021-12-31'),(8,80025,'desk chairs','turquoise',1,'2021-12-31'),(8,80026,'desk chairs','turquoise',1,'2021-12-31'),(8,80027,'desk chairs','turquoise',1,'2021-12-31'),(8,80028,'desk chairs','turquoise',1,'2021-12-31'),(8,80029,'desk chairs','turquoise',1,'2021-12-31'),(8,80030,'desk chairs','turquoise',1,'2021-12-31'),(8,80031,'desk chairs','turquoise',1,'2021-12-31'),(8,80032,'desk chairs','turquoise',1,'2021-12-31'),(8,80033,'desk chairs','turquoise',1,'2021-12-31'),(8,80034,'desk chairs','turquoise',1,'2021-12-31'),(8,80035,'desk chairs','turquoise',1,'2021-12-31'),(8,80036,'desk chairs','turquoise',1,'2021-12-31'),(8,80037,'desk chairs','turquoise',1,'2021-12-31'),(8,80038,'desk chairs','turquoise',1,'2021-12-31'),(8,80039,'desk chairs','turquoise',1,'2021-12-31'),(8,80040,'desk chairs','turquoise',1,'2021-12-31'),(8,80041,'desk chairs','turquoise',1,'2021-12-31'),(8,80042,'desk chairs','turquoise',1,'2021-12-31'),(8,80043,'desk chairs','turquoise',1,'2021-12-31'),(8,80044,'desk chairs','turquoise',1,'2021-12-31'),(8,80045,'desk chairs','turquoise',1,'2021-12-31'),(8,80046,'desk chairs','turquoise',1,'2021-12-31'),(8,80047,'desk chairs','turquoise',1,'2021-12-31'),(8,80048,'desk chairs','turquoise',1,'2021-12-31'),(8,80049,'desk chairs','turquoise',1,'2021-12-31'),(8,80050,'desk chairs','turquoise',1,'2021-12-31'),(8,80051,'desk chairs','turquoise',1,'2021-12-31'),(8,80052,'desk chairs','turquoise',1,'2021-12-31'),(8,80053,'desk chairs','turquoise',1,'2021-12-31'),(8,80054,'desk chairs','turquoise',1,'2021-12-31'),(8,80055,'desk chairs','turquoise',1,'2021-12-31'),(8,80056,'desk chairs','turquoise',1,'2021-12-31'),(8,80057,'desk chairs','turquoise',1,'2021-12-31'),(8,80058,'desk chairs','turquoise',1,'2021-12-31'),(8,80059,'desk chairs','turquoise',1,'2021-12-31'),(8,80060,'desk chairs','turquoise',1,'2021-12-31'),(8,80061,'desk chairs','turquoise',1,'2021-12-31'),(8,80062,'desk chairs','turquoise',1,'2021-12-31'),(8,80063,'desk chairs','turquoise',1,'2021-12-31'),(8,80064,'desk chairs','turquoise',1,'2021-12-31'),(8,80065,'desk chairs','turquoise',1,'2021-12-31'),(8,80066,'desk chairs','turquoise',1,'2021-12-31'),(8,80067,'desk chairs','turquoise',1,'2021-12-31'),(8,80068,'desk chairs','turquoise',1,'2021-12-31'),(8,80069,'desk chairs','turquoise',1,'2021-12-31'),(8,80070,'desk chairs','turquoise',1,'2021-12-31'),(8,80071,'desk chairs','turquoise',1,'2021-12-31'),(8,80072,'desk chairs','turquoise',1,'2021-12-31'),(8,80073,'desk chairs','turquoise',1,'2021-12-31'),(8,80074,'desk chairs','turquoise',1,'2021-12-31'),(8,80075,'desk chairs','turquoise',1,'2021-12-31'),(8,80076,'desk chairs','turquoise',1,'2021-12-31'),(8,80077,'desk chairs','turquoise',1,'2021-12-31'),(8,80078,'desk chairs','turquoise',1,'2021-12-31'),(8,80079,'desk chairs','turquoise',1,'2021-12-31'),(8,80080,'desk chairs','turquoise',1,'2021-12-31'),(8,80081,'desk chairs','turquoise',1,'2021-12-31'),(8,80082,'desk chairs','turquoise',1,'2021-12-31'),(8,80083,'desk chairs','turquoise',1,'2021-12-31'),(8,80084,'desk chairs','turquoise',1,'2021-12-31'),(8,80085,'desk chairs','turquoise',1,'2021-12-31'),(8,80086,'desk chairs','turquoise',1,'2021-12-31'),(8,80087,'desk chairs','turquoise',1,'2021-12-31'),(8,80088,'desk chairs','turquoise',1,'2021-12-31'),(8,80089,'desk chairs','turquoise',1,'2021-12-31'),(8,80090,'desk chairs','turquoise',1,'2021-12-31'),(8,80091,'desk chairs','turquoise',1,'2021-12-31'),(8,80092,'desk chairs','turquoise',1,'2021-12-31'),(8,80093,'desk chairs','turquoise',1,'2021-12-31'),(8,80094,'desk chairs','turquoise',1,'2021-12-31'),(8,80095,'desk chairs','turquoise',1,'2021-12-31'),(8,80096,'desk chairs','turquoise',1,'2021-12-31'),(8,80097,'desk chairs','turquoise',1,'2021-12-31'),(8,80098,'desk chairs','turquoise',1,'2021-12-31'),(8,80099,'desk chairs','turquoise',1,'2021-12-31'),(8,80100,'desk chairs','turquoise',1,'2021-12-31'),(9,90001,'daily planners','floral',1,'2021-12-31'),(9,90002,'daily planners','floral',1,'2021-12-31'),(9,90003,'daily planners','floral',0,'2021-12-31'),(9,90004,'daily planners','floral',0,'2021-12-31'),(9,90005,'daily planners','floral',0,'2021-12-31'),(9,90006,'daily planners','floral',1,'2021-12-31'),(9,90007,'daily planners','floral',1,'2021-12-31'),(9,90008,'daily planners','floral',1,'2021-12-31'),(9,90009,'daily planners','floral',1,'2021-12-31'),(9,90010,'daily planners','floral',1,'2021-12-31'),(9,90011,'daily planners','floral',1,'2021-12-31'),(9,90012,'daily planners','floral',1,'2021-12-31'),(9,90013,'daily planners','floral',1,'2021-12-31'),(9,90014,'daily planners','floral',1,'2021-12-31'),(9,90015,'daily planners','floral',1,'2021-12-31'),(9,90016,'daily planners','floral',1,'2021-12-31'),(9,90017,'daily planners','floral',1,'2021-12-31'),(9,90018,'daily planners','floral',1,'2021-12-31'),(9,90019,'daily planners','floral',1,'2021-12-31'),(9,90020,'daily planners','floral',1,'2021-12-31'),(9,90021,'daily planners','floral',1,'2021-12-31'),(9,90022,'daily planners','floral',1,'2021-12-31'),(9,90023,'daily planners','floral',1,'2021-12-31'),(9,90024,'daily planners','floral',1,'2021-12-31'),(9,90025,'daily planners','floral',1,'2021-12-31'),(9,90026,'daily planners','floral',1,'2021-12-31'),(9,90027,'daily planners','floral',1,'2021-12-31'),(9,90028,'daily planners','floral',1,'2021-12-31'),(9,90029,'daily planners','floral',1,'2021-12-31'),(9,90030,'daily planners','floral',1,'2021-12-31'),(9,90031,'daily planners','floral',1,'2021-12-31'),(9,90032,'daily planners','floral',1,'2021-12-31'),(9,90033,'daily planners','floral',1,'2021-12-31'),(9,90034,'daily planners','floral',1,'2021-12-31'),(9,90035,'daily planners','floral',1,'2021-12-31'),(9,90036,'daily planners','floral',1,'2021-12-31'),(9,90037,'daily planners','floral',1,'2021-12-31'),(9,90038,'daily planners','floral',1,'2021-12-31'),(9,90039,'daily planners','floral',1,'2021-12-31'),(9,90040,'daily planners','floral',1,'2021-12-31'),(9,90041,'daily planners','floral',1,'2021-12-31'),(9,90042,'daily planners','floral',1,'2021-12-31'),(9,90043,'daily planners','floral',1,'2021-12-31'),(9,90044,'daily planners','floral',1,'2021-12-31'),(9,90045,'daily planners','floral',1,'2021-12-31'),(9,90046,'daily planners','floral',1,'2021-12-31'),(9,90047,'daily planners','floral',1,'2021-12-31'),(9,90048,'daily planners','floral',1,'2021-12-31'),(9,90049,'daily planners','floral',1,'2021-12-31'),(9,90050,'daily planners','floral',1,'2021-12-31'),(9,90051,'daily planners','floral',1,'2021-12-31'),(9,90052,'daily planners','floral',1,'2021-12-31'),(9,90053,'daily planners','floral',1,'2021-12-31'),(9,90054,'daily planners','floral',1,'2021-12-31'),(9,90055,'daily planners','floral',1,'2021-12-31'),(9,90056,'daily planners','floral',1,'2021-12-31'),(9,90057,'daily planners','floral',1,'2021-12-31'),(9,90058,'daily planners','floral',1,'2021-12-31'),(9,90059,'daily planners','floral',1,'2021-12-31'),(9,90060,'daily planners','floral',1,'2021-12-31'),(9,90061,'daily planners','floral',1,'2021-12-31'),(9,90062,'daily planners','floral',1,'2021-12-31'),(9,90063,'daily planners','floral',1,'2021-12-31'),(9,90064,'daily planners','floral',1,'2021-12-31'),(9,90065,'daily planners','floral',1,'2021-12-31'),(9,90066,'daily planners','floral',1,'2021-12-31'),(9,90067,'daily planners','floral',1,'2021-12-31'),(9,90068,'daily planners','floral',1,'2021-12-31'),(9,90069,'daily planners','floral',1,'2021-12-31'),(9,90070,'daily planners','floral',1,'2021-12-31'),(9,90071,'daily planners','floral',1,'2021-12-31'),(9,90072,'daily planners','floral',1,'2021-12-31'),(9,90073,'daily planners','floral',1,'2021-12-31'),(9,90074,'daily planners','floral',1,'2021-12-31'),(9,90075,'daily planners','floral',1,'2021-12-31'),(9,90076,'daily planners','floral',1,'2021-12-31'),(9,90077,'daily planners','floral',1,'2021-12-31'),(9,90078,'daily planners','floral',1,'2021-12-31'),(9,90079,'daily planners','floral',1,'2021-12-31'),(9,90080,'daily planners','floral',1,'2021-12-31'),(9,90081,'daily planners','floral',1,'2021-12-31'),(9,90082,'daily planners','floral',1,'2021-12-31'),(9,90083,'daily planners','floral',1,'2021-12-31'),(9,90084,'daily planners','floral',1,'2021-12-31'),(9,90085,'daily planners','floral',1,'2021-12-31'),(9,90086,'daily planners','floral',1,'2021-12-31'),(9,90087,'daily planners','floral',1,'2021-12-31'),(9,90088,'daily planners','floral',1,'2021-12-31'),(9,90089,'daily planners','floral',1,'2021-12-31'),(9,90090,'daily planners','floral',1,'2021-12-31'),(9,90091,'daily planners','floral',1,'2021-12-31'),(9,90092,'daily planners','floral',1,'2021-12-31'),(9,90093,'daily planners','floral',1,'2021-12-31'),(9,90094,'daily planners','floral',1,'2021-12-31'),(9,90095,'daily planners','floral',1,'2021-12-31'),(9,90096,'daily planners','floral',1,'2021-12-31'),(9,90097,'daily planners','floral',1,'2021-12-31'),(9,90098,'daily planners','floral',1,'2021-12-31'),(9,90099,'daily planners','floral',1,'2021-12-31'),(9,90100,'daily planners','floral',1,'2021-12-31'),(10,100001,'daily planners','black and white',1,'2021-12-31'),(10,100002,'daily planners','black and white',1,'2021-12-31'),(10,100003,'daily planners','black and white',1,'2021-12-31'),(10,100004,'daily planners','black and white',1,'2021-12-31'),(10,100005,'daily planners','black and white',1,'2021-12-31'),(10,100006,'daily planners','black and white',1,'2021-12-31'),(10,100007,'daily planners','black and white',1,'2021-12-31'),(10,100008,'daily planners','black and white',1,'2021-12-31'),(10,100009,'daily planners','black and white',1,'2021-12-31'),(10,100010,'daily planners','black and white',1,'2021-12-31'),(10,100011,'daily planners','black and white',1,'2021-12-31'),(10,100012,'daily planners','black and white',1,'2021-12-31'),(10,100013,'daily planners','black and white',1,'2021-12-31'),(10,100014,'daily planners','black and white',1,'2021-12-31'),(10,100015,'daily planners','black and white',1,'2021-12-31'),(10,100016,'daily planners','black and white',1,'2021-12-31'),(10,100017,'daily planners','black and white',1,'2021-12-31'),(10,100018,'daily planners','black and white',1,'2021-12-31'),(10,100019,'daily planners','black and white',1,'2021-12-31'),(10,100020,'daily planners','black and white',1,'2021-12-31'),(10,100021,'daily planners','black and white',1,'2021-12-31'),(10,100022,'daily planners','black and white',1,'2021-12-31'),(10,100023,'daily planners','black and white',1,'2021-12-31'),(10,100024,'daily planners','black and white',1,'2021-12-31'),(10,100025,'daily planners','black and white',1,'2021-12-31'),(10,100026,'daily planners','black and white',1,'2021-12-31'),(10,100027,'daily planners','black and white',1,'2021-12-31'),(10,100028,'daily planners','black and white',1,'2021-12-31'),(10,100029,'daily planners','black and white',1,'2021-12-31'),(10,100030,'daily planners','black and white',1,'2021-12-31'),(10,100031,'daily planners','black and white',1,'2021-12-31'),(10,100032,'daily planners','black and white',1,'2021-12-31'),(10,100033,'daily planners','black and white',1,'2021-12-31'),(10,100034,'daily planners','black and white',1,'2021-12-31'),(10,100035,'daily planners','black and white',1,'2021-12-31'),(10,100036,'daily planners','black and white',1,'2021-12-31'),(10,100037,'daily planners','black and white',1,'2021-12-31'),(10,100038,'daily planners','black and white',1,'2021-12-31'),(10,100039,'daily planners','black and white',1,'2021-12-31'),(10,100040,'daily planners','black and white',1,'2021-12-31'),(10,100041,'daily planners','black and white',1,'2021-12-31'),(10,100042,'daily planners','black and white',1,'2021-12-31'),(10,100043,'daily planners','black and white',1,'2021-12-31'),(10,100044,'daily planners','black and white',1,'2021-12-31'),(10,100045,'daily planners','black and white',1,'2021-12-31'),(10,100046,'daily planners','black and white',1,'2021-12-31'),(10,100047,'daily planners','black and white',1,'2021-12-31'),(10,100048,'daily planners','black and white',1,'2021-12-31'),(10,100049,'daily planners','black and white',1,'2021-12-31'),(10,100050,'daily planners','black and white',1,'2021-12-31'),(10,100051,'daily planners','black and white',1,'2021-12-31'),(10,100052,'daily planners','black and white',1,'2021-12-31'),(10,100053,'daily planners','black and white',1,'2021-12-31'),(10,100054,'daily planners','black and white',1,'2021-12-31'),(10,100055,'daily planners','black and white',1,'2021-12-31'),(10,100056,'daily planners','black and white',1,'2021-12-31'),(10,100057,'daily planners','black and white',1,'2021-12-31'),(10,100058,'daily planners','black and white',1,'2021-12-31'),(10,100059,'daily planners','black and white',1,'2021-12-31'),(10,100060,'daily planners','black and white',1,'2021-12-31'),(10,100061,'daily planners','black and white',1,'2021-12-31'),(10,100062,'daily planners','black and white',1,'2021-12-31'),(10,100063,'daily planners','black and white',1,'2021-12-31'),(10,100064,'daily planners','black and white',1,'2021-12-31'),(10,100065,'daily planners','black and white',1,'2021-12-31'),(10,100066,'daily planners','black and white',1,'2021-12-31'),(10,100067,'daily planners','black and white',1,'2021-12-31'),(10,100068,'daily planners','black and white',1,'2021-12-31'),(10,100069,'daily planners','black and white',1,'2021-12-31'),(10,100070,'daily planners','black and white',1,'2021-12-31'),(10,100071,'daily planners','black and white',1,'2021-12-31'),(10,100072,'daily planners','black and white',1,'2021-12-31'),(10,100073,'daily planners','black and white',1,'2021-12-31'),(10,100074,'daily planners','black and white',1,'2021-12-31'),(10,100075,'daily planners','black and white',1,'2021-12-31'),(10,100076,'daily planners','black and white',1,'2021-12-31'),(10,100077,'daily planners','black and white',1,'2021-12-31'),(10,100078,'daily planners','black and white',1,'2021-12-31'),(10,100079,'daily planners','black and white',1,'2021-12-31'),(10,100080,'daily planners','black and white',1,'2021-12-31'),(10,100081,'daily planners','black and white',1,'2021-12-31'),(10,100082,'daily planners','black and white',1,'2021-12-31'),(10,100083,'daily planners','black and white',1,'2021-12-31'),(10,100084,'daily planners','black and white',1,'2021-12-31'),(10,100085,'daily planners','black and white',1,'2021-12-31'),(10,100086,'daily planners','black and white',1,'2021-12-31'),(10,100087,'daily planners','black and white',1,'2021-12-31'),(10,100088,'daily planners','black and white',1,'2021-12-31'),(10,100089,'daily planners','black and white',1,'2021-12-31'),(10,100090,'daily planners','black and white',1,'2021-12-31'),(10,100091,'daily planners','black and white',1,'2021-12-31'),(10,100092,'daily planners','black and white',1,'2021-12-31'),(10,100093,'daily planners','black and white',1,'2021-12-31'),(10,100094,'daily planners','black and white',1,'2021-12-31'),(10,100095,'daily planners','black and white',1,'2021-12-31'),(10,100096,'daily planners','black and white',1,'2021-12-31'),(10,100097,'daily planners','black and white',1,'2021-12-31'),(10,100098,'daily planners','black and white',1,'2021-12-31'),(10,100099,'daily planners','black and white',1,'2021-12-31'),(10,100100,'daily planners','black and white',1,'2021-12-31'),(11,110001,'daily planners','blue and grey',1,'2021-12-31'),(11,110002,'daily planners','blue and grey',1,'2021-12-31'),(11,110003,'daily planners','blue and grey',1,'2021-12-31'),(11,110004,'daily planners','blue and grey',1,'2021-12-31'),(11,110005,'daily planners','blue and grey',1,'2021-12-31'),(11,110006,'daily planners','blue and grey',1,'2021-12-31'),(11,110007,'daily planners','blue and grey',1,'2021-12-31'),(11,110008,'daily planners','blue and grey',1,'2021-12-31'),(11,110009,'daily planners','blue and grey',1,'2021-12-31'),(11,110010,'daily planners','blue and grey',1,'2021-12-31'),(11,110011,'daily planners','blue and grey',1,'2021-12-31'),(11,110012,'daily planners','blue and grey',1,'2021-12-31'),(11,110013,'daily planners','blue and grey',1,'2021-12-31'),(11,110014,'daily planners','blue and grey',1,'2021-12-31'),(11,110015,'daily planners','blue and grey',1,'2021-12-31'),(11,110016,'daily planners','blue and grey',1,'2021-12-31'),(11,110017,'daily planners','blue and grey',1,'2021-12-31'),(11,110018,'daily planners','blue and grey',1,'2021-12-31'),(11,110019,'daily planners','blue and grey',1,'2021-12-31'),(11,110020,'daily planners','blue and grey',1,'2021-12-31'),(11,110021,'daily planners','blue and grey',1,'2021-12-31'),(11,110022,'daily planners','blue and grey',1,'2021-12-31'),(11,110023,'daily planners','blue and grey',1,'2021-12-31'),(11,110024,'daily planners','blue and grey',1,'2021-12-31'),(11,110025,'daily planners','blue and grey',1,'2021-12-31'),(11,110026,'daily planners','blue and grey',1,'2021-12-31'),(11,110027,'daily planners','blue and grey',1,'2021-12-31'),(11,110028,'daily planners','blue and grey',1,'2021-12-31'),(11,110029,'daily planners','blue and grey',1,'2021-12-31'),(11,110030,'daily planners','blue and grey',1,'2021-12-31'),(11,110031,'daily planners','blue and grey',1,'2021-12-31'),(11,110032,'daily planners','blue and grey',1,'2021-12-31'),(11,110033,'daily planners','blue and grey',1,'2021-12-31'),(11,110034,'daily planners','blue and grey',1,'2021-12-31'),(11,110035,'daily planners','blue and grey',1,'2021-12-31'),(11,110036,'daily planners','blue and grey',1,'2021-12-31'),(11,110037,'daily planners','blue and grey',1,'2021-12-31'),(11,110038,'daily planners','blue and grey',1,'2021-12-31'),(11,110039,'daily planners','blue and grey',1,'2021-12-31'),(11,110040,'daily planners','blue and grey',1,'2021-12-31'),(11,110041,'daily planners','blue and grey',1,'2021-12-31'),(11,110042,'daily planners','blue and grey',1,'2021-12-31'),(11,110043,'daily planners','blue and grey',1,'2021-12-31'),(11,110044,'daily planners','blue and grey',1,'2021-12-31'),(11,110045,'daily planners','blue and grey',1,'2021-12-31'),(11,110046,'daily planners','blue and grey',1,'2021-12-31'),(11,110047,'daily planners','blue and grey',1,'2021-12-31'),(11,110048,'daily planners','blue and grey',1,'2021-12-31'),(11,110049,'daily planners','blue and grey',1,'2021-12-31'),(11,110050,'daily planners','blue and grey',1,'2021-12-31'),(11,110051,'daily planners','blue and grey',1,'2021-12-31'),(11,110052,'daily planners','blue and grey',1,'2021-12-31'),(11,110053,'daily planners','blue and grey',1,'2021-12-31'),(11,110054,'daily planners','blue and grey',1,'2021-12-31'),(11,110055,'daily planners','blue and grey',1,'2021-12-31'),(11,110056,'daily planners','blue and grey',1,'2021-12-31'),(11,110057,'daily planners','blue and grey',1,'2021-12-31'),(11,110058,'daily planners','blue and grey',1,'2021-12-31'),(11,110059,'daily planners','blue and grey',1,'2021-12-31'),(11,110060,'daily planners','blue and grey',1,'2021-12-31'),(11,110061,'daily planners','blue and grey',1,'2021-12-31'),(11,110062,'daily planners','blue and grey',1,'2021-12-31'),(11,110063,'daily planners','blue and grey',1,'2021-12-31'),(11,110064,'daily planners','blue and grey',1,'2021-12-31'),(11,110065,'daily planners','blue and grey',1,'2021-12-31'),(11,110066,'daily planners','blue and grey',1,'2021-12-31'),(11,110067,'daily planners','blue and grey',1,'2021-12-31'),(11,110068,'daily planners','blue and grey',1,'2021-12-31'),(11,110069,'daily planners','blue and grey',1,'2021-12-31'),(11,110070,'daily planners','blue and grey',1,'2021-12-31'),(11,110071,'daily planners','blue and grey',1,'2021-12-31'),(11,110072,'daily planners','blue and grey',1,'2021-12-31'),(11,110073,'daily planners','blue and grey',1,'2021-12-31'),(11,110074,'daily planners','blue and grey',1,'2021-12-31'),(11,110075,'daily planners','blue and grey',1,'2021-12-31'),(11,110076,'daily planners','blue and grey',1,'2021-12-31'),(11,110077,'daily planners','blue and grey',1,'2021-12-31'),(11,110078,'daily planners','blue and grey',1,'2021-12-31'),(11,110079,'daily planners','blue and grey',1,'2021-12-31'),(11,110080,'daily planners','blue and grey',1,'2021-12-31'),(11,110081,'daily planners','blue and grey',1,'2021-12-31'),(11,110082,'daily planners','blue and grey',1,'2021-12-31'),(11,110083,'daily planners','blue and grey',1,'2021-12-31'),(11,110084,'daily planners','blue and grey',1,'2021-12-31'),(11,110085,'daily planners','blue and grey',1,'2021-12-31'),(11,110086,'daily planners','blue and grey',1,'2021-12-31'),(11,110087,'daily planners','blue and grey',1,'2021-12-31'),(11,110088,'daily planners','blue and grey',1,'2021-12-31'),(11,110089,'daily planners','blue and grey',1,'2021-12-31'),(11,110090,'daily planners','blue and grey',1,'2021-12-31'),(11,110091,'daily planners','blue and grey',1,'2021-12-31'),(11,110092,'daily planners','blue and grey',1,'2021-12-31'),(11,110093,'daily planners','blue and grey',1,'2021-12-31'),(11,110094,'daily planners','blue and grey',1,'2021-12-31'),(11,110095,'daily planners','blue and grey',1,'2021-12-31'),(11,110096,'daily planners','blue and grey',1,'2021-12-31'),(11,110097,'daily planners','blue and grey',1,'2021-12-31'),(11,110098,'daily planners','blue and grey',1,'2021-12-31'),(11,110099,'daily planners','blue and grey',1,'2021-12-31'),(11,110100,'daily planners','blue and grey',1,'2021-12-31'),(12,120001,'notepads','black and white',1,'2021-12-31'),(12,120002,'notepads','black and white',1,'2021-12-31'),(12,120003,'notepads','black and white',1,'2021-12-31'),(12,120004,'notepads','black and white',1,'2021-12-31'),(12,120005,'notepads','black and white',1,'2021-12-31'),(12,120006,'notepads','black and white',1,'2021-12-31'),(12,120007,'notepads','black and white',1,'2021-12-31'),(12,120008,'notepads','black and white',1,'2021-12-31'),(12,120009,'notepads','black and white',1,'2021-12-31'),(12,120010,'notepads','black and white',1,'2021-12-31'),(12,120011,'notepads','black and white',1,'2021-12-31'),(12,120012,'notepads','black and white',1,'2021-12-31'),(12,120013,'notepads','black and white',1,'2021-12-31'),(12,120014,'notepads','black and white',1,'2021-12-31'),(12,120015,'notepads','black and white',1,'2021-12-31'),(12,120016,'notepads','black and white',1,'2021-12-31'),(12,120017,'notepads','black and white',1,'2021-12-31'),(12,120018,'notepads','black and white',1,'2021-12-31'),(12,120019,'notepads','black and white',1,'2021-12-31'),(12,120020,'notepads','black and white',1,'2021-12-31'),(12,120021,'notepads','black and white',1,'2021-12-31'),(12,120022,'notepads','black and white',1,'2021-12-31'),(12,120023,'notepads','black and white',1,'2021-12-31'),(12,120024,'notepads','black and white',1,'2021-12-31'),(12,120025,'notepads','black and white',1,'2021-12-31'),(12,120026,'notepads','black and white',1,'2021-12-31'),(12,120027,'notepads','black and white',1,'2021-12-31'),(12,120028,'notepads','black and white',1,'2021-12-31'),(12,120029,'notepads','black and white',1,'2021-12-31'),(12,120030,'notepads','black and white',1,'2021-12-31'),(12,120031,'notepads','black and white',1,'2021-12-31'),(12,120032,'notepads','black and white',1,'2021-12-31'),(12,120033,'notepads','black and white',1,'2021-12-31'),(12,120034,'notepads','black and white',1,'2021-12-31'),(12,120035,'notepads','black and white',1,'2021-12-31'),(12,120036,'notepads','black and white',1,'2021-12-31'),(12,120037,'notepads','black and white',1,'2021-12-31'),(12,120038,'notepads','black and white',1,'2021-12-31'),(12,120039,'notepads','black and white',1,'2021-12-31'),(12,120040,'notepads','black and white',1,'2021-12-31'),(12,120041,'notepads','black and white',1,'2021-12-31'),(12,120042,'notepads','black and white',1,'2021-12-31'),(12,120043,'notepads','black and white',1,'2021-12-31'),(12,120044,'notepads','black and white',1,'2021-12-31'),(12,120045,'notepads','black and white',1,'2021-12-31'),(12,120046,'notepads','black and white',1,'2021-12-31'),(12,120047,'notepads','black and white',1,'2021-12-31'),(12,120048,'notepads','black and white',1,'2021-12-31'),(12,120049,'notepads','black and white',1,'2021-12-31'),(12,120050,'notepads','black and white',1,'2021-12-31'),(12,120051,'notepads','black and white',1,'2021-12-31'),(12,120052,'notepads','black and white',1,'2021-12-31'),(12,120053,'notepads','black and white',1,'2021-12-31'),(12,120054,'notepads','black and white',1,'2021-12-31'),(12,120055,'notepads','black and white',1,'2021-12-31'),(12,120056,'notepads','black and white',1,'2021-12-31'),(12,120057,'notepads','black and white',1,'2021-12-31'),(12,120058,'notepads','black and white',1,'2021-12-31'),(12,120059,'notepads','black and white',1,'2021-12-31'),(12,120060,'notepads','black and white',1,'2021-12-31'),(12,120061,'notepads','black and white',1,'2021-12-31'),(12,120062,'notepads','black and white',1,'2021-12-31'),(12,120063,'notepads','black and white',1,'2021-12-31'),(12,120064,'notepads','black and white',1,'2021-12-31'),(12,120065,'notepads','black and white',1,'2021-12-31'),(12,120066,'notepads','black and white',1,'2021-12-31'),(12,120067,'notepads','black and white',1,'2021-12-31'),(12,120068,'notepads','black and white',1,'2021-12-31'),(12,120069,'notepads','black and white',1,'2021-12-31'),(12,120070,'notepads','black and white',1,'2021-12-31'),(12,120071,'notepads','black and white',1,'2021-12-31'),(12,120072,'notepads','black and white',1,'2021-12-31'),(12,120073,'notepads','black and white',1,'2021-12-31'),(12,120074,'notepads','black and white',1,'2021-12-31'),(12,120075,'notepads','black and white',1,'2021-12-31'),(12,120076,'notepads','black and white',1,'2021-12-31'),(12,120077,'notepads','black and white',1,'2021-12-31'),(12,120078,'notepads','black and white',1,'2021-12-31'),(12,120079,'notepads','black and white',1,'2021-12-31'),(12,120080,'notepads','black and white',1,'2021-12-31'),(12,120081,'notepads','black and white',1,'2021-12-31'),(12,120082,'notepads','black and white',1,'2021-12-31'),(12,120083,'notepads','black and white',1,'2021-12-31'),(12,120084,'notepads','black and white',1,'2021-12-31'),(12,120085,'notepads','black and white',1,'2021-12-31'),(12,120086,'notepads','black and white',1,'2021-12-31'),(12,120087,'notepads','black and white',1,'2021-12-31'),(12,120088,'notepads','black and white',1,'2021-12-31'),(12,120089,'notepads','black and white',1,'2021-12-31'),(12,120090,'notepads','black and white',1,'2021-12-31'),(12,120091,'notepads','black and white',1,'2021-12-31'),(12,120092,'notepads','black and white',1,'2021-12-31'),(12,120093,'notepads','black and white',1,'2021-12-31'),(12,120094,'notepads','black and white',1,'2021-12-31'),(12,120095,'notepads','black and white',1,'2021-12-31'),(12,120096,'notepads','black and white',1,'2021-12-31'),(12,120097,'notepads','black and white',1,'2021-12-31'),(12,120098,'notepads','black and white',1,'2021-12-31'),(12,120099,'notepads','black and white',1,'2021-12-31'),(12,120100,'notepads','black and white',1,'2021-12-31'),(13,130001,'notepads','turquoise and white',1,'2021-12-31'),(13,130002,'notepads','turquoise and white',1,'2021-12-31'),(13,130003,'notepads','turquoise and white',1,'2021-12-31'),(13,130004,'notepads','turquoise and white',1,'2021-12-31'),(13,130005,'notepads','turquoise and white',1,'2021-12-31'),(13,130006,'notepads','turquoise and white',1,'2021-12-31'),(13,130007,'notepads','turquoise and white',1,'2021-12-31'),(13,130008,'notepads','turquoise and white',1,'2021-12-31'),(13,130009,'notepads','turquoise and white',1,'2021-12-31'),(13,130010,'notepads','turquoise and white',1,'2021-12-31'),(13,130011,'notepads','turquoise and white',1,'2021-12-31'),(13,130012,'notepads','turquoise and white',1,'2021-12-31'),(13,130013,'notepads','turquoise and white',1,'2021-12-31'),(13,130014,'notepads','turquoise and white',1,'2021-12-31'),(13,130015,'notepads','turquoise and white',1,'2021-12-31'),(13,130016,'notepads','turquoise and white',1,'2021-12-31'),(13,130017,'notepads','turquoise and white',1,'2021-12-31'),(13,130018,'notepads','turquoise and white',1,'2021-12-31'),(13,130019,'notepads','turquoise and white',1,'2021-12-31'),(13,130020,'notepads','turquoise and white',1,'2021-12-31'),(13,130021,'notepads','turquoise and white',1,'2021-12-31'),(13,130022,'notepads','turquoise and white',1,'2021-12-31'),(13,130023,'notepads','turquoise and white',1,'2021-12-31'),(13,130024,'notepads','turquoise and white',1,'2021-12-31'),(13,130025,'notepads','turquoise and white',1,'2021-12-31'),(13,130026,'notepads','turquoise and white',1,'2021-12-31'),(13,130027,'notepads','turquoise and white',1,'2021-12-31'),(13,130028,'notepads','turquoise and white',1,'2021-12-31'),(13,130029,'notepads','turquoise and white',1,'2021-12-31'),(13,130030,'notepads','turquoise and white',1,'2021-12-31'),(13,130031,'notepads','turquoise and white',1,'2021-12-31'),(13,130032,'notepads','turquoise and white',1,'2021-12-31'),(13,130033,'notepads','turquoise and white',1,'2021-12-31'),(13,130034,'notepads','turquoise and white',1,'2021-12-31'),(13,130035,'notepads','turquoise and white',1,'2021-12-31'),(13,130036,'notepads','turquoise and white',1,'2021-12-31'),(13,130037,'notepads','turquoise and white',1,'2021-12-31'),(13,130038,'notepads','turquoise and white',1,'2021-12-31'),(13,130039,'notepads','turquoise and white',1,'2021-12-31'),(13,130040,'notepads','turquoise and white',1,'2021-12-31'),(13,130041,'notepads','turquoise and white',1,'2021-12-31'),(13,130042,'notepads','turquoise and white',1,'2021-12-31'),(13,130043,'notepads','turquoise and white',1,'2021-12-31'),(13,130044,'notepads','turquoise and white',1,'2021-12-31'),(13,130045,'notepads','turquoise and white',1,'2021-12-31'),(13,130046,'notepads','turquoise and white',1,'2021-12-31'),(13,130047,'notepads','turquoise and white',1,'2021-12-31'),(13,130048,'notepads','turquoise and white',1,'2021-12-31'),(13,130049,'notepads','turquoise and white',1,'2021-12-31'),(13,130050,'notepads','turquoise and white',1,'2021-12-31'),(13,130051,'notepads','turquoise and white',1,'2021-12-31'),(13,130052,'notepads','turquoise and white',1,'2021-12-31'),(13,130053,'notepads','turquoise and white',1,'2021-12-31'),(13,130054,'notepads','turquoise and white',1,'2021-12-31'),(13,130055,'notepads','turquoise and white',1,'2021-12-31'),(13,130056,'notepads','turquoise and white',1,'2021-12-31'),(13,130057,'notepads','turquoise and white',1,'2021-12-31'),(13,130058,'notepads','turquoise and white',1,'2021-12-31'),(13,130059,'notepads','turquoise and white',1,'2021-12-31'),(13,130060,'notepads','turquoise and white',1,'2021-12-31'),(13,130061,'notepads','turquoise and white',1,'2021-12-31'),(13,130062,'notepads','turquoise and white',1,'2021-12-31'),(13,130063,'notepads','turquoise and white',1,'2021-12-31'),(13,130064,'notepads','turquoise and white',1,'2021-12-31'),(13,130065,'notepads','turquoise and white',1,'2021-12-31'),(13,130066,'notepads','turquoise and white',1,'2021-12-31'),(13,130067,'notepads','turquoise and white',1,'2021-12-31'),(13,130068,'notepads','turquoise and white',1,'2021-12-31'),(13,130069,'notepads','turquoise and white',1,'2021-12-31'),(13,130070,'notepads','turquoise and white',1,'2021-12-31'),(13,130071,'notepads','turquoise and white',1,'2021-12-31'),(13,130072,'notepads','turquoise and white',1,'2021-12-31'),(13,130073,'notepads','turquoise and white',1,'2021-12-31'),(13,130074,'notepads','turquoise and white',1,'2021-12-31'),(13,130075,'notepads','turquoise and white',1,'2021-12-31'),(13,130076,'notepads','turquoise and white',1,'2021-12-31'),(13,130077,'notepads','turquoise and white',1,'2021-12-31'),(13,130078,'notepads','turquoise and white',1,'2021-12-31'),(13,130079,'notepads','turquoise and white',1,'2021-12-31'),(13,130080,'notepads','turquoise and white',1,'2021-12-31'),(13,130081,'notepads','turquoise and white',1,'2021-12-31'),(13,130082,'notepads','turquoise and white',1,'2021-12-31'),(13,130083,'notepads','turquoise and white',1,'2021-12-31'),(13,130084,'notepads','turquoise and white',1,'2021-12-31'),(13,130085,'notepads','turquoise and white',1,'2021-12-31'),(13,130086,'notepads','turquoise and white',1,'2021-12-31'),(13,130087,'notepads','turquoise and white',1,'2021-12-31'),(13,130088,'notepads','turquoise and white',1,'2021-12-31'),(13,130089,'notepads','turquoise and white',1,'2021-12-31'),(13,130090,'notepads','turquoise and white',1,'2021-12-31'),(13,130091,'notepads','turquoise and white',1,'2021-12-31'),(13,130092,'notepads','turquoise and white',1,'2021-12-31'),(13,130093,'notepads','turquoise and white',1,'2021-12-31'),(13,130094,'notepads','turquoise and white',1,'2021-12-31'),(13,130095,'notepads','turquoise and white',1,'2021-12-31'),(13,130096,'notepads','turquoise and white',1,'2021-12-31'),(13,130097,'notepads','turquoise and white',1,'2021-12-31'),(13,130098,'notepads','turquoise and white',1,'2021-12-31'),(13,130099,'notepads','turquoise and white',1,'2021-12-31'),(13,130100,'notepads','turquoise and white',1,'2021-12-31'),(14,140001,'notepads','red and black',1,'2021-12-31'),(14,140002,'notepads','red and black',1,'2021-12-31'),(14,140003,'notepads','red and black',1,'2021-12-31'),(14,140004,'notepads','red and black',1,'2021-12-31'),(14,140005,'notepads','red and black',1,'2021-12-31'),(14,140006,'notepads','red and black',1,'2021-12-31'),(14,140007,'notepads','red and black',1,'2021-12-31'),(14,140008,'notepads','red and black',1,'2021-12-31'),(14,140009,'notepads','red and black',1,'2021-12-31'),(14,140010,'notepads','red and black',1,'2021-12-31'),(14,140011,'notepads','red and black',1,'2021-12-31'),(14,140012,'notepads','red and black',1,'2021-12-31'),(14,140013,'notepads','red and black',1,'2021-12-31'),(14,140014,'notepads','red and black',1,'2021-12-31'),(14,140015,'notepads','red and black',1,'2021-12-31'),(14,140016,'notepads','red and black',1,'2021-12-31'),(14,140017,'notepads','red and black',1,'2021-12-31'),(14,140018,'notepads','red and black',1,'2021-12-31'),(14,140019,'notepads','red and black',1,'2021-12-31'),(14,140020,'notepads','red and black',1,'2021-12-31'),(14,140021,'notepads','red and black',1,'2021-12-31'),(14,140022,'notepads','red and black',1,'2021-12-31'),(14,140023,'notepads','red and black',1,'2021-12-31'),(14,140024,'notepads','red and black',1,'2021-12-31'),(14,140025,'notepads','red and black',1,'2021-12-31'),(14,140026,'notepads','red and black',1,'2021-12-31'),(14,140027,'notepads','red and black',1,'2021-12-31'),(14,140028,'notepads','red and black',1,'2021-12-31'),(14,140029,'notepads','red and black',1,'2021-12-31'),(14,140030,'notepads','red and black',1,'2021-12-31'),(14,140031,'notepads','red and black',1,'2021-12-31'),(14,140032,'notepads','red and black',1,'2021-12-31'),(14,140033,'notepads','red and black',1,'2021-12-31'),(14,140034,'notepads','red and black',1,'2021-12-31'),(14,140035,'notepads','red and black',1,'2021-12-31'),(14,140036,'notepads','red and black',1,'2021-12-31'),(14,140037,'notepads','red and black',1,'2021-12-31'),(14,140038,'notepads','red and black',1,'2021-12-31'),(14,140039,'notepads','red and black',1,'2021-12-31'),(14,140040,'notepads','red and black',1,'2021-12-31'),(14,140041,'notepads','red and black',1,'2021-12-31'),(14,140042,'notepads','red and black',1,'2021-12-31'),(14,140043,'notepads','red and black',1,'2021-12-31'),(14,140044,'notepads','red and black',1,'2021-12-31'),(14,140045,'notepads','red and black',1,'2021-12-31'),(14,140046,'notepads','red and black',1,'2021-12-31'),(14,140047,'notepads','red and black',1,'2021-12-31'),(14,140048,'notepads','red and black',1,'2021-12-31'),(14,140049,'notepads','red and black',1,'2021-12-31'),(14,140050,'notepads','red and black',1,'2021-12-31'),(14,140051,'notepads','red and black',1,'2021-12-31'),(14,140052,'notepads','red and black',1,'2021-12-31'),(14,140053,'notepads','red and black',1,'2021-12-31'),(14,140054,'notepads','red and black',1,'2021-12-31'),(14,140055,'notepads','red and black',1,'2021-12-31'),(14,140056,'notepads','red and black',1,'2021-12-31'),(14,140057,'notepads','red and black',1,'2021-12-31'),(14,140058,'notepads','red and black',1,'2021-12-31'),(14,140059,'notepads','red and black',1,'2021-12-31'),(14,140060,'notepads','red and black',1,'2021-12-31'),(14,140061,'notepads','red and black',1,'2021-12-31'),(14,140062,'notepads','red and black',1,'2021-12-31'),(14,140063,'notepads','red and black',1,'2021-12-31'),(14,140064,'notepads','red and black',1,'2021-12-31'),(14,140065,'notepads','red and black',1,'2021-12-31'),(14,140066,'notepads','red and black',1,'2021-12-31'),(14,140067,'notepads','red and black',1,'2021-12-31'),(14,140068,'notepads','red and black',1,'2021-12-31'),(14,140069,'notepads','red and black',1,'2021-12-31'),(14,140070,'notepads','red and black',1,'2021-12-31'),(14,140071,'notepads','red and black',1,'2021-12-31'),(14,140072,'notepads','red and black',1,'2021-12-31'),(14,140073,'notepads','red and black',1,'2021-12-31'),(14,140074,'notepads','red and black',1,'2021-12-31'),(14,140075,'notepads','red and black',1,'2021-12-31'),(14,140076,'notepads','red and black',1,'2021-12-31'),(14,140077,'notepads','red and black',1,'2021-12-31'),(14,140078,'notepads','red and black',1,'2021-12-31'),(14,140079,'notepads','red and black',1,'2021-12-31'),(14,140080,'notepads','red and black',1,'2021-12-31'),(14,140081,'notepads','red and black',1,'2021-12-31'),(14,140082,'notepads','red and black',1,'2021-12-31'),(14,140083,'notepads','red and black',1,'2021-12-31'),(14,140084,'notepads','red and black',1,'2021-12-31'),(14,140085,'notepads','red and black',1,'2021-12-31'),(14,140086,'notepads','red and black',1,'2021-12-31'),(14,140087,'notepads','red and black',1,'2021-12-31'),(14,140088,'notepads','red and black',1,'2021-12-31'),(14,140089,'notepads','red and black',1,'2021-12-31'),(14,140090,'notepads','red and black',1,'2021-12-31'),(14,140091,'notepads','red and black',1,'2021-12-31'),(14,140092,'notepads','red and black',1,'2021-12-31'),(14,140093,'notepads','red and black',1,'2021-12-31'),(14,140094,'notepads','red and black',1,'2021-12-31'),(14,140095,'notepads','red and black',1,'2021-12-31'),(14,140096,'notepads','red and black',1,'2021-12-31'),(14,140097,'notepads','red and black',1,'2021-12-31'),(14,140098,'notepads','red and black',1,'2021-12-31'),(14,140099,'notepads','red and black',1,'2021-12-31'),(14,140100,'notepads','red and black',1,'2021-12-31'),(15,150001,'notepads','floral',1,'2021-12-31'),(15,150002,'notepads','floral',1,'2021-12-31'),(15,150003,'notepads','floral',1,'2021-12-31'),(15,150004,'notepads','floral',1,'2021-12-31'),(15,150005,'notepads','floral',1,'2021-12-31'),(15,150006,'notepads','floral',1,'2021-12-31'),(15,150007,'notepads','floral',1,'2021-12-31'),(15,150008,'notepads','floral',1,'2021-12-31'),(15,150009,'notepads','floral',1,'2021-12-31'),(15,150010,'notepads','floral',1,'2021-12-31'),(15,150011,'notepads','floral',1,'2021-12-31'),(15,150012,'notepads','floral',1,'2021-12-31'),(15,150013,'notepads','floral',1,'2021-12-31'),(15,150014,'notepads','floral',1,'2021-12-31'),(15,150015,'notepads','floral',1,'2021-12-31'),(15,150016,'notepads','floral',1,'2021-12-31'),(15,150017,'notepads','floral',1,'2021-12-31'),(15,150018,'notepads','floral',1,'2021-12-31'),(15,150019,'notepads','floral',1,'2021-12-31'),(15,150020,'notepads','floral',1,'2021-12-31'),(15,150021,'notepads','floral',1,'2021-12-31'),(15,150022,'notepads','floral',1,'2021-12-31'),(15,150023,'notepads','floral',1,'2021-12-31'),(15,150024,'notepads','floral',1,'2021-12-31'),(15,150025,'notepads','floral',1,'2021-12-31'),(15,150026,'notepads','floral',1,'2021-12-31'),(15,150027,'notepads','floral',1,'2021-12-31'),(15,150028,'notepads','floral',1,'2021-12-31'),(15,150029,'notepads','floral',1,'2021-12-31'),(15,150030,'notepads','floral',1,'2021-12-31'),(15,150031,'notepads','floral',1,'2021-12-31'),(15,150032,'notepads','floral',1,'2021-12-31'),(15,150033,'notepads','floral',1,'2021-12-31'),(15,150034,'notepads','floral',1,'2021-12-31'),(15,150035,'notepads','floral',1,'2021-12-31'),(15,150036,'notepads','floral',1,'2021-12-31'),(15,150037,'notepads','floral',1,'2021-12-31'),(15,150038,'notepads','floral',1,'2021-12-31'),(15,150039,'notepads','floral',1,'2021-12-31'),(15,150040,'notepads','floral',1,'2021-12-31'),(15,150041,'notepads','floral',1,'2021-12-31'),(15,150042,'notepads','floral',1,'2021-12-31'),(15,150043,'notepads','floral',1,'2021-12-31'),(15,150044,'notepads','floral',1,'2021-12-31'),(15,150045,'notepads','floral',1,'2021-12-31'),(15,150046,'notepads','floral',1,'2021-12-31'),(15,150047,'notepads','floral',1,'2021-12-31'),(15,150048,'notepads','floral',1,'2021-12-31'),(15,150049,'notepads','floral',1,'2021-12-31'),(15,150050,'notepads','floral',1,'2021-12-31'),(15,150051,'notepads','floral',1,'2021-12-31'),(15,150052,'notepads','floral',1,'2021-12-31'),(15,150053,'notepads','floral',1,'2021-12-31'),(15,150054,'notepads','floral',1,'2021-12-31'),(15,150055,'notepads','floral',1,'2021-12-31'),(15,150056,'notepads','floral',1,'2021-12-31'),(15,150057,'notepads','floral',1,'2021-12-31'),(15,150058,'notepads','floral',1,'2021-12-31'),(15,150059,'notepads','floral',1,'2021-12-31'),(15,150060,'notepads','floral',1,'2021-12-31'),(15,150061,'notepads','floral',1,'2021-12-31'),(15,150062,'notepads','floral',1,'2021-12-31'),(15,150063,'notepads','floral',1,'2021-12-31'),(15,150064,'notepads','floral',1,'2021-12-31'),(15,150065,'notepads','floral',1,'2021-12-31'),(15,150066,'notepads','floral',1,'2021-12-31'),(15,150067,'notepads','floral',1,'2021-12-31'),(15,150068,'notepads','floral',1,'2021-12-31'),(15,150069,'notepads','floral',1,'2021-12-31'),(15,150070,'notepads','floral',1,'2021-12-31'),(15,150071,'notepads','floral',1,'2021-12-31'),(15,150072,'notepads','floral',1,'2021-12-31'),(15,150073,'notepads','floral',1,'2021-12-31'),(15,150074,'notepads','floral',1,'2021-12-31'),(15,150075,'notepads','floral',1,'2021-12-31'),(15,150076,'notepads','floral',1,'2021-12-31'),(15,150077,'notepads','floral',1,'2021-12-31'),(15,150078,'notepads','floral',1,'2021-12-31'),(15,150079,'notepads','floral',1,'2021-12-31'),(15,150080,'notepads','floral',1,'2021-12-31'),(15,150081,'notepads','floral',1,'2021-12-31'),(15,150082,'notepads','floral',1,'2021-12-31'),(15,150083,'notepads','floral',1,'2021-12-31'),(15,150084,'notepads','floral',1,'2021-12-31'),(15,150085,'notepads','floral',1,'2021-12-31'),(15,150086,'notepads','floral',1,'2021-12-31'),(15,150087,'notepads','floral',1,'2021-12-31'),(15,150088,'notepads','floral',1,'2021-12-31'),(15,150089,'notepads','floral',1,'2021-12-31'),(15,150090,'notepads','floral',1,'2021-12-31'),(15,150091,'notepads','floral',1,'2021-12-31'),(15,150092,'notepads','floral',1,'2021-12-31'),(15,150093,'notepads','floral',1,'2021-12-31'),(15,150094,'notepads','floral',1,'2021-12-31'),(15,150095,'notepads','floral',1,'2021-12-31'),(15,150096,'notepads','floral',1,'2021-12-31'),(15,150097,'notepads','floral',1,'2021-12-31'),(15,150098,'notepads','floral',1,'2021-12-31'),(15,150099,'notepads','floral',1,'2021-12-31'),(15,150100,'notepads','floral',1,'2021-12-31'),(16,160001,'printing paper','plain white',1,'2021-12-31'),(16,160002,'printing paper','plain white',1,'2021-12-31'),(16,160003,'printing paper','plain white',1,'2021-12-31'),(16,160004,'printing paper','plain white',1,'2021-12-31'),(16,160005,'printing paper','plain white',1,'2021-12-31'),(16,160006,'printing paper','plain white',1,'2021-12-31'),(16,160007,'printing paper','plain white',1,'2021-12-31'),(16,160008,'printing paper','plain white',1,'2021-12-31'),(16,160009,'printing paper','plain white',1,'2021-12-31'),(16,160010,'printing paper','plain white',1,'2021-12-31'),(16,160011,'printing paper','plain white',1,'2021-12-31'),(16,160012,'printing paper','plain white',1,'2021-12-31'),(16,160013,'printing paper','plain white',1,'2021-12-31'),(16,160014,'printing paper','plain white',1,'2021-12-31'),(16,160015,'printing paper','plain white',1,'2021-12-31'),(16,160016,'printing paper','plain white',1,'2021-12-31'),(16,160017,'printing paper','plain white',1,'2021-12-31'),(16,160018,'printing paper','plain white',1,'2021-12-31'),(16,160019,'printing paper','plain white',1,'2021-12-31'),(16,160020,'printing paper','plain white',1,'2021-12-31'),(16,160021,'printing paper','plain white',1,'2021-12-31'),(16,160022,'printing paper','plain white',1,'2021-12-31'),(16,160023,'printing paper','plain white',1,'2021-12-31'),(16,160024,'printing paper','plain white',1,'2021-12-31'),(16,160025,'printing paper','plain white',1,'2021-12-31'),(16,160026,'printing paper','plain white',1,'2021-12-31'),(16,160027,'printing paper','plain white',1,'2021-12-31'),(16,160028,'printing paper','plain white',1,'2021-12-31'),(16,160029,'printing paper','plain white',1,'2021-12-31'),(16,160030,'printing paper','plain white',1,'2021-12-31'),(16,160031,'printing paper','plain white',1,'2021-12-31'),(16,160032,'printing paper','plain white',1,'2021-12-31'),(16,160033,'printing paper','plain white',1,'2021-12-31'),(16,160034,'printing paper','plain white',1,'2021-12-31'),(16,160035,'printing paper','plain white',1,'2021-12-31'),(16,160036,'printing paper','plain white',1,'2021-12-31'),(16,160037,'printing paper','plain white',1,'2021-12-31'),(16,160038,'printing paper','plain white',1,'2021-12-31'),(16,160039,'printing paper','plain white',1,'2021-12-31'),(16,160040,'printing paper','plain white',1,'2021-12-31'),(16,160041,'printing paper','plain white',1,'2021-12-31'),(16,160042,'printing paper','plain white',1,'2021-12-31'),(16,160043,'printing paper','plain white',1,'2021-12-31'),(16,160044,'printing paper','plain white',1,'2021-12-31'),(16,160045,'printing paper','plain white',1,'2021-12-31'),(16,160046,'printing paper','plain white',1,'2021-12-31'),(16,160047,'printing paper','plain white',1,'2021-12-31'),(16,160048,'printing paper','plain white',1,'2021-12-31'),(16,160049,'printing paper','plain white',1,'2021-12-31'),(16,160050,'printing paper','plain white',1,'2021-12-31'),(16,160051,'printing paper','plain white',1,'2021-12-31'),(16,160052,'printing paper','plain white',1,'2021-12-31'),(16,160053,'printing paper','plain white',1,'2021-12-31'),(16,160054,'printing paper','plain white',1,'2021-12-31'),(16,160055,'printing paper','plain white',1,'2021-12-31'),(16,160056,'printing paper','plain white',1,'2021-12-31'),(16,160057,'printing paper','plain white',1,'2021-12-31'),(16,160058,'printing paper','plain white',1,'2021-12-31'),(16,160059,'printing paper','plain white',1,'2021-12-31'),(16,160060,'printing paper','plain white',1,'2021-12-31'),(16,160061,'printing paper','plain white',1,'2021-12-31'),(16,160062,'printing paper','plain white',1,'2021-12-31'),(16,160063,'printing paper','plain white',1,'2021-12-31'),(16,160064,'printing paper','plain white',1,'2021-12-31'),(16,160065,'printing paper','plain white',1,'2021-12-31'),(16,160066,'printing paper','plain white',1,'2021-12-31'),(16,160067,'printing paper','plain white',1,'2021-12-31'),(16,160068,'printing paper','plain white',1,'2021-12-31'),(16,160069,'printing paper','plain white',1,'2021-12-31'),(16,160070,'printing paper','plain white',1,'2021-12-31'),(16,160071,'printing paper','plain white',1,'2021-12-31'),(16,160072,'printing paper','plain white',1,'2021-12-31'),(16,160073,'printing paper','plain white',1,'2021-12-31'),(16,160074,'printing paper','plain white',1,'2021-12-31'),(16,160075,'printing paper','plain white',1,'2021-12-31'),(16,160076,'printing paper','plain white',1,'2021-12-31'),(16,160077,'printing paper','plain white',1,'2021-12-31'),(16,160078,'printing paper','plain white',1,'2021-12-31'),(16,160079,'printing paper','plain white',1,'2021-12-31'),(16,160080,'printing paper','plain white',1,'2021-12-31'),(16,160081,'printing paper','plain white',1,'2021-12-31'),(16,160082,'printing paper','plain white',1,'2021-12-31'),(16,160083,'printing paper','plain white',1,'2021-12-31'),(16,160084,'printing paper','plain white',1,'2021-12-31'),(16,160085,'printing paper','plain white',1,'2021-12-31'),(16,160086,'printing paper','plain white',1,'2021-12-31'),(16,160087,'printing paper','plain white',1,'2021-12-31'),(16,160088,'printing paper','plain white',1,'2021-12-31'),(16,160089,'printing paper','plain white',1,'2021-12-31'),(16,160090,'printing paper','plain white',1,'2021-12-31'),(16,160091,'printing paper','plain white',1,'2021-12-31'),(16,160092,'printing paper','plain white',1,'2021-12-31'),(16,160093,'printing paper','plain white',1,'2021-12-31'),(16,160094,'printing paper','plain white',1,'2021-12-31'),(16,160095,'printing paper','plain white',1,'2021-12-31'),(16,160096,'printing paper','plain white',1,'2021-12-31'),(16,160097,'printing paper','plain white',1,'2021-12-31'),(16,160098,'printing paper','plain white',1,'2021-12-31'),(16,160099,'printing paper','plain white',1,'2021-12-31'),(16,160100,'printing paper','plain white',1,'2021-12-31'),(17,170001,'printer ink','black and white',1,'2021-12-31'),(17,170002,'printer ink','black and white',1,'2021-12-31'),(17,170003,'printer ink','black and white',1,'2021-12-31'),(17,170004,'printer ink','black and white',1,'2021-12-31'),(17,170005,'printer ink','black and white',1,'2021-12-31'),(17,170006,'printer ink','black and white',1,'2021-12-31'),(17,170007,'printer ink','black and white',1,'2021-12-31'),(17,170008,'printer ink','black and white',1,'2021-12-31'),(17,170009,'printer ink','black and white',1,'2021-12-31'),(17,170010,'printer ink','black and white',1,'2021-12-31'),(17,170011,'printer ink','black and white',1,'2021-12-31'),(17,170012,'printer ink','black and white',1,'2021-12-31'),(17,170013,'printer ink','black and white',1,'2021-12-31'),(17,170014,'printer ink','black and white',1,'2021-12-31'),(17,170015,'printer ink','black and white',1,'2021-12-31'),(17,170016,'printer ink','black and white',1,'2021-12-31'),(17,170017,'printer ink','black and white',1,'2021-12-31'),(17,170018,'printer ink','black and white',1,'2021-12-31'),(17,170019,'printer ink','black and white',1,'2021-12-31'),(17,170020,'printer ink','black and white',1,'2021-12-31'),(17,170021,'printer ink','black and white',1,'2021-12-31'),(17,170022,'printer ink','black and white',1,'2021-12-31'),(17,170023,'printer ink','black and white',1,'2021-12-31'),(17,170024,'printer ink','black and white',1,'2021-12-31'),(17,170025,'printer ink','black and white',1,'2021-12-31'),(17,170026,'printer ink','black and white',1,'2021-12-31'),(17,170027,'printer ink','black and white',1,'2021-12-31'),(17,170028,'printer ink','black and white',1,'2021-12-31'),(17,170029,'printer ink','black and white',1,'2021-12-31'),(17,170030,'printer ink','black and white',1,'2021-12-31'),(17,170031,'printer ink','black and white',1,'2021-12-31'),(17,170032,'printer ink','black and white',1,'2021-12-31'),(17,170033,'printer ink','black and white',1,'2021-12-31'),(17,170034,'printer ink','black and white',1,'2021-12-31'),(17,170035,'printer ink','black and white',1,'2021-12-31'),(17,170036,'printer ink','black and white',1,'2021-12-31'),(17,170037,'printer ink','black and white',1,'2021-12-31'),(17,170038,'printer ink','black and white',1,'2021-12-31'),(17,170039,'printer ink','black and white',1,'2021-12-31'),(17,170040,'printer ink','black and white',1,'2021-12-31'),(17,170041,'printer ink','black and white',1,'2021-12-31'),(17,170042,'printer ink','black and white',1,'2021-12-31'),(17,170043,'printer ink','black and white',1,'2021-12-31'),(17,170044,'printer ink','black and white',1,'2021-12-31'),(17,170045,'printer ink','black and white',1,'2021-12-31'),(17,170046,'printer ink','black and white',1,'2021-12-31'),(17,170047,'printer ink','black and white',1,'2021-12-31'),(17,170048,'printer ink','black and white',1,'2021-12-31'),(17,170049,'printer ink','black and white',1,'2021-12-31'),(17,170050,'printer ink','black and white',1,'2021-12-31'),(17,170051,'printer ink','black and white',1,'2021-12-31'),(17,170052,'printer ink','black and white',1,'2021-12-31'),(17,170053,'printer ink','black and white',1,'2021-12-31'),(17,170054,'printer ink','black and white',1,'2021-12-31'),(17,170055,'printer ink','black and white',1,'2021-12-31'),(17,170056,'printer ink','black and white',1,'2021-12-31'),(17,170057,'printer ink','black and white',1,'2021-12-31'),(17,170058,'printer ink','black and white',1,'2021-12-31'),(17,170059,'printer ink','black and white',1,'2021-12-31'),(17,170060,'printer ink','black and white',1,'2021-12-31'),(17,170061,'printer ink','black and white',1,'2021-12-31'),(17,170062,'printer ink','black and white',1,'2021-12-31'),(17,170063,'printer ink','black and white',1,'2021-12-31'),(17,170064,'printer ink','black and white',1,'2021-12-31'),(17,170065,'printer ink','black and white',1,'2021-12-31'),(17,170066,'printer ink','black and white',1,'2021-12-31'),(17,170067,'printer ink','black and white',1,'2021-12-31'),(17,170068,'printer ink','black and white',1,'2021-12-31'),(17,170069,'printer ink','black and white',1,'2021-12-31'),(17,170070,'printer ink','black and white',1,'2021-12-31'),(17,170071,'printer ink','black and white',1,'2021-12-31'),(17,170072,'printer ink','black and white',1,'2021-12-31'),(17,170073,'printer ink','black and white',1,'2021-12-31'),(17,170074,'printer ink','black and white',1,'2021-12-31'),(17,170075,'printer ink','black and white',1,'2021-12-31'),(17,170076,'printer ink','black and white',1,'2021-12-31'),(17,170077,'printer ink','black and white',1,'2021-12-31'),(17,170078,'printer ink','black and white',1,'2021-12-31'),(17,170079,'printer ink','black and white',1,'2021-12-31'),(17,170080,'printer ink','black and white',1,'2021-12-31'),(17,170081,'printer ink','black and white',1,'2021-12-31'),(17,170082,'printer ink','black and white',1,'2021-12-31'),(17,170083,'printer ink','black and white',1,'2021-12-31'),(17,170084,'printer ink','black and white',1,'2021-12-31'),(17,170085,'printer ink','black and white',1,'2021-12-31'),(17,170086,'printer ink','black and white',1,'2021-12-31'),(17,170087,'printer ink','black and white',1,'2021-12-31'),(17,170088,'printer ink','black and white',1,'2021-12-31'),(17,170089,'printer ink','black and white',1,'2021-12-31'),(17,170090,'printer ink','black and white',1,'2021-12-31'),(17,170091,'printer ink','black and white',1,'2021-12-31'),(17,170092,'printer ink','black and white',1,'2021-12-31'),(17,170093,'printer ink','black and white',1,'2021-12-31'),(17,170094,'printer ink','black and white',1,'2021-12-31'),(17,170095,'printer ink','black and white',1,'2021-12-31'),(17,170096,'printer ink','black and white',1,'2021-12-31'),(17,170097,'printer ink','black and white',1,'2021-12-31'),(17,170098,'printer ink','black and white',1,'2021-12-31'),(17,170099,'printer ink','black and white',1,'2021-12-31'),(17,170100,'printer ink','black and white',1,'2021-12-31'),(18,180001,'printer ink','black and colored',1,'2021-12-31'),(18,180002,'printer ink','black and colored',1,'2021-12-31'),(18,180003,'printer ink','black and colored',1,'2021-12-31'),(18,180004,'printer ink','black and colored',1,'2021-12-31'),(18,180005,'printer ink','black and colored',1,'2021-12-31'),(18,180006,'printer ink','black and colored',1,'2021-12-31'),(18,180007,'printer ink','black and colored',1,'2021-12-31'),(18,180008,'printer ink','black and colored',1,'2021-12-31'),(18,180009,'printer ink','black and colored',1,'2021-12-31'),(18,180010,'printer ink','black and colored',1,'2021-12-31'),(18,180011,'printer ink','black and colored',1,'2021-12-31'),(18,180012,'printer ink','black and colored',1,'2021-12-31'),(18,180013,'printer ink','black and colored',1,'2021-12-31'),(18,180014,'printer ink','black and colored',1,'2021-12-31'),(18,180015,'printer ink','black and colored',1,'2021-12-31'),(18,180016,'printer ink','black and colored',1,'2021-12-31'),(18,180017,'printer ink','black and colored',1,'2021-12-31'),(18,180018,'printer ink','black and colored',1,'2021-12-31'),(18,180019,'printer ink','black and colored',1,'2021-12-31'),(18,180020,'printer ink','black and colored',1,'2021-12-31'),(18,180021,'printer ink','black and colored',1,'2021-12-31'),(18,180022,'printer ink','black and colored',1,'2021-12-31'),(18,180023,'printer ink','black and colored',1,'2021-12-31'),(18,180024,'printer ink','black and colored',1,'2021-12-31'),(18,180025,'printer ink','black and colored',1,'2021-12-31'),(18,180026,'printer ink','black and colored',1,'2021-12-31'),(18,180027,'printer ink','black and colored',1,'2021-12-31'),(18,180028,'printer ink','black and colored',1,'2021-12-31'),(18,180029,'printer ink','black and colored',1,'2021-12-31'),(18,180030,'printer ink','black and colored',1,'2021-12-31'),(18,180031,'printer ink','black and colored',1,'2021-12-31'),(18,180032,'printer ink','black and colored',1,'2021-12-31'),(18,180033,'printer ink','black and colored',1,'2021-12-31'),(18,180034,'printer ink','black and colored',1,'2021-12-31'),(18,180035,'printer ink','black and colored',1,'2021-12-31'),(18,180036,'printer ink','black and colored',1,'2021-12-31'),(18,180037,'printer ink','black and colored',1,'2021-12-31'),(18,180038,'printer ink','black and colored',1,'2021-12-31'),(18,180039,'printer ink','black and colored',1,'2021-12-31'),(18,180040,'printer ink','black and colored',1,'2021-12-31'),(18,180041,'printer ink','black and colored',1,'2021-12-31'),(18,180042,'printer ink','black and colored',1,'2021-12-31'),(18,180043,'printer ink','black and colored',1,'2021-12-31'),(18,180044,'printer ink','black and colored',1,'2021-12-31'),(18,180045,'printer ink','black and colored',1,'2021-12-31'),(18,180046,'printer ink','black and colored',1,'2021-12-31'),(18,180047,'printer ink','black and colored',1,'2021-12-31'),(18,180048,'printer ink','black and colored',1,'2021-12-31'),(18,180049,'printer ink','black and colored',1,'2021-12-31'),(18,180050,'printer ink','black and colored',1,'2021-12-31'),(18,180051,'printer ink','black and colored',1,'2021-12-31'),(18,180052,'printer ink','black and colored',1,'2021-12-31'),(18,180053,'printer ink','black and colored',1,'2021-12-31'),(18,180054,'printer ink','black and colored',1,'2021-12-31'),(18,180055,'printer ink','black and colored',1,'2021-12-31'),(18,180056,'printer ink','black and colored',1,'2021-12-31'),(18,180057,'printer ink','black and colored',1,'2021-12-31'),(18,180058,'printer ink','black and colored',1,'2021-12-31'),(18,180059,'printer ink','black and colored',1,'2021-12-31'),(18,180060,'printer ink','black and colored',1,'2021-12-31'),(18,180061,'printer ink','black and colored',1,'2021-12-31'),(18,180062,'printer ink','black and colored',1,'2021-12-31'),(18,180063,'printer ink','black and colored',1,'2021-12-31'),(18,180064,'printer ink','black and colored',1,'2021-12-31'),(18,180065,'printer ink','black and colored',1,'2021-12-31'),(18,180066,'printer ink','black and colored',1,'2021-12-31'),(18,180067,'printer ink','black and colored',1,'2021-12-31'),(18,180068,'printer ink','black and colored',1,'2021-12-31'),(18,180069,'printer ink','black and colored',1,'2021-12-31'),(18,180070,'printer ink','black and colored',1,'2021-12-31'),(18,180071,'printer ink','black and colored',1,'2021-12-31'),(18,180072,'printer ink','black and colored',1,'2021-12-31'),(18,180073,'printer ink','black and colored',1,'2021-12-31'),(18,180074,'printer ink','black and colored',1,'2021-12-31'),(18,180075,'printer ink','black and colored',1,'2021-12-31'),(18,180076,'printer ink','black and colored',1,'2021-12-31'),(18,180077,'printer ink','black and colored',1,'2021-12-31'),(18,180078,'printer ink','black and colored',1,'2021-12-31'),(18,180079,'printer ink','black and colored',1,'2021-12-31'),(18,180080,'printer ink','black and colored',1,'2021-12-31'),(18,180081,'printer ink','black and colored',1,'2021-12-31'),(18,180082,'printer ink','black and colored',1,'2021-12-31'),(18,180083,'printer ink','black and colored',1,'2021-12-31'),(18,180084,'printer ink','black and colored',1,'2021-12-31'),(18,180085,'printer ink','black and colored',1,'2021-12-31'),(18,180086,'printer ink','black and colored',1,'2021-12-31'),(18,180087,'printer ink','black and colored',1,'2021-12-31'),(18,180088,'printer ink','black and colored',1,'2021-12-31'),(18,180089,'printer ink','black and colored',1,'2021-12-31'),(18,180090,'printer ink','black and colored',1,'2021-12-31'),(18,180091,'printer ink','black and colored',1,'2021-12-31'),(18,180092,'printer ink','black and colored',1,'2021-12-31'),(18,180093,'printer ink','black and colored',1,'2021-12-31'),(18,180094,'printer ink','black and colored',1,'2021-12-31'),(18,180095,'printer ink','black and colored',1,'2021-12-31'),(18,180096,'printer ink','black and colored',1,'2021-12-31'),(18,180097,'printer ink','black and colored',1,'2021-12-31'),(18,180098,'printer ink','black and colored',1,'2021-12-31'),(18,180099,'printer ink','black and colored',1,'2021-12-31'),(18,180100,'printer ink','black and colored',1,'2021-12-31'),(19,190001,'water jugs','clear',1,'2021-12-31'),(19,190002,'water jugs','clear',1,'2021-12-31'),(19,190003,'water jugs','clear',1,'2021-12-31'),(19,190004,'water jugs','clear',1,'2021-12-31'),(19,190005,'water jugs','clear',1,'2021-12-31'),(19,190006,'water jugs','clear',1,'2021-12-31'),(19,190007,'water jugs','clear',1,'2021-12-31'),(19,190008,'water jugs','clear',1,'2021-12-31'),(19,190009,'water jugs','clear',1,'2021-12-31'),(19,190010,'water jugs','clear',1,'2021-12-31'),(19,190011,'water jugs','clear',1,'2021-12-31'),(19,190012,'water jugs','clear',1,'2021-12-31'),(19,190013,'water jugs','clear',1,'2021-12-31'),(19,190014,'water jugs','clear',1,'2021-12-31'),(19,190015,'water jugs','clear',1,'2021-12-31'),(19,190016,'water jugs','clear',1,'2021-12-31'),(19,190017,'water jugs','clear',1,'2021-12-31'),(19,190018,'water jugs','clear',1,'2021-12-31'),(19,190019,'water jugs','clear',1,'2021-12-31'),(19,190020,'water jugs','clear',1,'2021-12-31'),(19,190021,'water jugs','clear',1,'2021-12-31'),(19,190022,'water jugs','clear',1,'2021-12-31'),(19,190023,'water jugs','clear',1,'2021-12-31'),(19,190024,'water jugs','clear',1,'2021-12-31'),(19,190025,'water jugs','clear',1,'2021-12-31'),(19,190026,'water jugs','clear',1,'2021-12-31'),(19,190027,'water jugs','clear',1,'2021-12-31'),(19,190028,'water jugs','clear',1,'2021-12-31'),(19,190029,'water jugs','clear',1,'2021-12-31'),(19,190030,'water jugs','clear',1,'2021-12-31'),(19,190031,'water jugs','clear',1,'2021-12-31'),(19,190032,'water jugs','clear',1,'2021-12-31'),(19,190033,'water jugs','clear',1,'2021-12-31'),(19,190034,'water jugs','clear',1,'2021-12-31'),(19,190035,'water jugs','clear',1,'2021-12-31'),(19,190036,'water jugs','clear',1,'2021-12-31'),(19,190037,'water jugs','clear',1,'2021-12-31'),(19,190038,'water jugs','clear',1,'2021-12-31'),(19,190039,'water jugs','clear',1,'2021-12-31'),(19,190040,'water jugs','clear',1,'2021-12-31'),(19,190041,'water jugs','clear',1,'2021-12-31'),(19,190042,'water jugs','clear',1,'2021-12-31'),(19,190043,'water jugs','clear',1,'2021-12-31'),(19,190044,'water jugs','clear',1,'2021-12-31'),(19,190045,'water jugs','clear',1,'2021-12-31'),(19,190046,'water jugs','clear',1,'2021-12-31'),(19,190047,'water jugs','clear',1,'2021-12-31'),(19,190048,'water jugs','clear',1,'2021-12-31'),(19,190049,'water jugs','clear',1,'2021-12-31'),(19,190050,'water jugs','clear',1,'2021-12-31'),(19,190051,'water jugs','clear',1,'2021-12-31'),(19,190052,'water jugs','clear',1,'2021-12-31'),(19,190053,'water jugs','clear',1,'2021-12-31'),(19,190054,'water jugs','clear',1,'2021-12-31'),(19,190055,'water jugs','clear',1,'2021-12-31'),(19,190056,'water jugs','clear',1,'2021-12-31'),(19,190057,'water jugs','clear',1,'2021-12-31'),(19,190058,'water jugs','clear',1,'2021-12-31'),(19,190059,'water jugs','clear',1,'2021-12-31'),(19,190060,'water jugs','clear',1,'2021-12-31'),(19,190061,'water jugs','clear',1,'2021-12-31'),(19,190062,'water jugs','clear',1,'2021-12-31'),(19,190063,'water jugs','clear',1,'2021-12-31'),(19,190064,'water jugs','clear',1,'2021-12-31'),(19,190065,'water jugs','clear',1,'2021-12-31'),(19,190066,'water jugs','clear',1,'2021-12-31'),(19,190067,'water jugs','clear',1,'2021-12-31'),(19,190068,'water jugs','clear',1,'2021-12-31'),(19,190069,'water jugs','clear',1,'2021-12-31'),(19,190070,'water jugs','clear',1,'2021-12-31'),(19,190071,'water jugs','clear',1,'2021-12-31'),(19,190072,'water jugs','clear',1,'2021-12-31'),(19,190073,'water jugs','clear',1,'2021-12-31'),(19,190074,'water jugs','clear',1,'2021-12-31'),(19,190075,'water jugs','clear',1,'2021-12-31'),(19,190076,'water jugs','clear',1,'2021-12-31'),(19,190077,'water jugs','clear',1,'2021-12-31'),(19,190078,'water jugs','clear',1,'2021-12-31'),(19,190079,'water jugs','clear',1,'2021-12-31'),(19,190080,'water jugs','clear',1,'2021-12-31'),(19,190081,'water jugs','clear',1,'2021-12-31'),(19,190082,'water jugs','clear',1,'2021-12-31'),(19,190083,'water jugs','clear',1,'2021-12-31'),(19,190084,'water jugs','clear',1,'2021-12-31'),(19,190085,'water jugs','clear',1,'2021-12-31'),(19,190086,'water jugs','clear',1,'2021-12-31'),(19,190087,'water jugs','clear',1,'2021-12-31'),(19,190088,'water jugs','clear',1,'2021-12-31'),(19,190089,'water jugs','clear',1,'2021-12-31'),(19,190090,'water jugs','clear',1,'2021-12-31'),(19,190091,'water jugs','clear',1,'2021-12-31'),(19,190092,'water jugs','clear',1,'2021-12-31'),(19,190093,'water jugs','clear',1,'2021-12-31'),(19,190094,'water jugs','clear',1,'2021-12-31'),(19,190095,'water jugs','clear',1,'2021-12-31'),(19,190096,'water jugs','clear',1,'2021-12-31'),(19,190097,'water jugs','clear',1,'2021-12-31'),(19,190098,'water jugs','clear',1,'2021-12-31'),(19,190099,'water jugs','clear',1,'2021-12-31'),(19,190100,'water jugs','clear',1,'2021-12-31'),(20,200001,'grocery bag','black and yellow',1,'2021-12-31'),(20,200002,'grocery bag','black and yellow',1,'2021-12-31'),(20,200003,'grocery bag','black and yellow',1,'2021-12-31'),(20,200004,'grocery bag','black and yellow',1,'2021-12-31'),(20,200005,'grocery bag','black and yellow',1,'2021-12-31'),(20,200006,'grocery bag','black and yellow',1,'2021-12-31'),(20,200007,'grocery bag','black and yellow',1,'2021-12-31'),(20,200008,'grocery bag','black and yellow',1,'2021-12-31'),(20,200009,'grocery bag','black and yellow',1,'2021-12-31'),(20,200010,'grocery bag','black and yellow',1,'2021-12-31'),(20,200011,'grocery bag','black and yellow',1,'2021-12-31'),(20,200012,'grocery bag','black and yellow',1,'2021-12-31'),(20,200013,'grocery bag','black and yellow',1,'2021-12-31'),(20,200014,'grocery bag','black and yellow',1,'2021-12-31'),(20,200015,'grocery bag','black and yellow',1,'2021-12-31'),(20,200016,'grocery bag','black and yellow',1,'2021-12-31'),(20,200017,'grocery bag','black and yellow',1,'2021-12-31'),(20,200018,'grocery bag','black and yellow',1,'2021-12-31'),(20,200019,'grocery bag','black and yellow',1,'2021-12-31'),(20,200020,'grocery bag','black and yellow',1,'2021-12-31'),(20,200021,'grocery bag','black and yellow',1,'2021-12-31'),(20,200022,'grocery bag','black and yellow',1,'2021-12-31'),(20,200023,'grocery bag','black and yellow',1,'2021-12-31'),(20,200024,'grocery bag','black and yellow',1,'2021-12-31'),(20,200025,'grocery bag','black and yellow',1,'2021-12-31'),(20,200026,'grocery bag','black and yellow',1,'2021-12-31'),(20,200027,'grocery bag','black and yellow',1,'2021-12-31'),(20,200028,'grocery bag','black and yellow',1,'2021-12-31'),(20,200029,'grocery bag','black and yellow',1,'2021-12-31'),(20,200030,'grocery bag','black and yellow',1,'2021-12-31'),(20,200031,'grocery bag','black and yellow',1,'2021-12-31'),(20,200032,'grocery bag','black and yellow',1,'2021-12-31'),(20,200033,'grocery bag','black and yellow',1,'2021-12-31'),(20,200034,'grocery bag','black and yellow',1,'2021-12-31'),(20,200035,'grocery bag','black and yellow',1,'2021-12-31'),(20,200036,'grocery bag','black and yellow',1,'2021-12-31'),(20,200037,'grocery bag','black and yellow',1,'2021-12-31'),(20,200038,'grocery bag','black and yellow',1,'2021-12-31'),(20,200039,'grocery bag','black and yellow',1,'2021-12-31'),(20,200040,'grocery bag','black and yellow',1,'2021-12-31'),(20,200041,'grocery bag','black and yellow',1,'2021-12-31'),(20,200042,'grocery bag','black and yellow',1,'2021-12-31'),(20,200043,'grocery bag','black and yellow',1,'2021-12-31'),(20,200044,'grocery bag','black and yellow',1,'2021-12-31'),(20,200045,'grocery bag','black and yellow',1,'2021-12-31'),(20,200046,'grocery bag','black and yellow',1,'2021-12-31'),(20,200047,'grocery bag','black and yellow',1,'2021-12-31'),(20,200048,'grocery bag','black and yellow',1,'2021-12-31'),(20,200049,'grocery bag','black and yellow',1,'2021-12-31'),(20,200050,'grocery bag','black and yellow',1,'2021-12-31'),(20,200051,'grocery bag','black and yellow',1,'2021-12-31'),(20,200052,'grocery bag','black and yellow',1,'2021-12-31'),(20,200053,'grocery bag','black and yellow',1,'2021-12-31'),(20,200054,'grocery bag','black and yellow',1,'2021-12-31'),(20,200055,'grocery bag','black and yellow',1,'2021-12-31'),(20,200056,'grocery bag','black and yellow',1,'2021-12-31'),(20,200057,'grocery bag','black and yellow',1,'2021-12-31'),(20,200058,'grocery bag','black and yellow',1,'2021-12-31'),(20,200059,'grocery bag','black and yellow',1,'2021-12-31'),(20,200060,'grocery bag','black and yellow',1,'2021-12-31'),(20,200061,'grocery bag','black and yellow',1,'2021-12-31'),(20,200062,'grocery bag','black and yellow',1,'2021-12-31'),(20,200063,'grocery bag','black and yellow',1,'2021-12-31'),(20,200064,'grocery bag','black and yellow',1,'2021-12-31'),(20,200065,'grocery bag','black and yellow',1,'2021-12-31'),(20,200066,'grocery bag','black and yellow',1,'2021-12-31'),(20,200067,'grocery bag','black and yellow',1,'2021-12-31'),(20,200068,'grocery bag','black and yellow',1,'2021-12-31'),(20,200069,'grocery bag','black and yellow',1,'2021-12-31'),(20,200070,'grocery bag','black and yellow',1,'2021-12-31'),(20,200071,'grocery bag','black and yellow',1,'2021-12-31'),(20,200072,'grocery bag','black and yellow',1,'2021-12-31'),(20,200073,'grocery bag','black and yellow',1,'2021-12-31'),(20,200074,'grocery bag','black and yellow',1,'2021-12-31'),(20,200075,'grocery bag','black and yellow',1,'2021-12-31'),(20,200076,'grocery bag','black and yellow',1,'2021-12-31'),(20,200077,'grocery bag','black and yellow',1,'2021-12-31'),(20,200078,'grocery bag','black and yellow',1,'2021-12-31'),(20,200079,'grocery bag','black and yellow',1,'2021-12-31'),(20,200080,'grocery bag','black and yellow',1,'2021-12-31'),(20,200081,'grocery bag','black and yellow',1,'2021-12-31'),(20,200082,'grocery bag','black and yellow',1,'2021-12-31'),(20,200083,'grocery bag','black and yellow',1,'2021-12-31'),(20,200084,'grocery bag','black and yellow',1,'2021-12-31'),(20,200085,'grocery bag','black and yellow',1,'2021-12-31'),(20,200086,'grocery bag','black and yellow',1,'2021-12-31'),(20,200087,'grocery bag','black and yellow',1,'2021-12-31'),(20,200088,'grocery bag','black and yellow',1,'2021-12-31'),(20,200089,'grocery bag','black and yellow',1,'2021-12-31'),(20,200090,'grocery bag','black and yellow',1,'2021-12-31'),(20,200091,'grocery bag','black and yellow',1,'2021-12-31'),(20,200092,'grocery bag','black and yellow',1,'2021-12-31'),(20,200093,'grocery bag','black and yellow',1,'2021-12-31'),(20,200094,'grocery bag','black and yellow',1,'2021-12-31'),(20,200095,'grocery bag','black and yellow',1,'2021-12-31'),(20,200096,'grocery bag','black and yellow',1,'2021-12-31'),(20,200097,'grocery bag','black and yellow',1,'2021-12-31'),(20,200098,'grocery bag','black and yellow',1,'2021-12-31'),(20,200099,'grocery bag','black and yellow',1,'2021-12-31'),(20,200100,'grocery bag','black and yellow',1,'2021-12-31'),(4,400101,'pens','black',1,'2022-01-29'),(4,400102,'pens','black',1,'2022-01-29'),(4,400103,'pens','black',1,'2022-01-29'),(4,400104,'pens','blue',1,'2022-01-29'),(4,400105,'pens','blue',1,'2022-01-29'),(4,400106,'pens','blue',1,'2022-01-29'),(8,800101,'desk chair','turquoise',1,'2022-01-29'),(8,800102,'desk chair','turquoise',1,'2022-01-29'),(8,800103,'desk chair','turquoise',1,'2022-01-29'),(8,800104,'desk chair','turquoise',1,'2022-01-29'),(8,800105,'desk chair','turquoise',1,'2022-01-29'),(8,800106,'desk chair','black',1,'2022-01-29'),(8,800107,'desk chair','black',1,'2022-01-29'),(8,800108,'desk chair','black',1,'2022-01-29'),(8,800109,'desk chair','turquoise',1,'2022-01-15'),(9,900101,'daily planners','floral',1,'2022-01-29'),(9,900102,'daily planners','floral',1,'2022-01-29'),(9,900103,'daily planners','floral',1,'2022-01-29'),(9,900104,'daily planners','floral',1,'2022-01-29'),(9,900105,'daily planners','floral',1,'2022-01-29'),(21,2100001,'laundry bag','black and yellow',1,'2021-12-31'),(21,2100002,'laundry bag','black and yellow',1,'2021-12-31'),(21,2100003,'laundry bag','black and yellow',1,'2021-12-31'),(21,2100004,'laundry bag','black and yellow',1,'2021-12-31'),(21,2100005,'laundry bag','black and yellow',1,'2021-12-31'),(21,2100006,'laundry bag','black and yellow',1,'2021-12-31'),(21,2100007,'laundry bag','black and yellow',1,'2021-12-31'),(21,2100008,'laundry bag','black and yellow',1,'2021-12-31'),(21,2100009,'laundry bag','black and yellow',1,'2021-12-31'),(21,2100010,'laundry bag','black and yellow',1,'2021-12-31'),(21,2100011,'laundry bag','black and yellow',1,'2021-12-31'),(21,2100012,'laundry bag','black and yellow',1,'2021-12-31'),(21,2100013,'laundry bag','black and yellow',1,'2021-12-31'),(21,2100014,'laundry bag','black and yellow',1,'2021-12-31'),(21,2100015,'laundry bag','black and yellow',1,'2021-12-31'),(21,2100016,'laundry bag','black and yellow',1,'2021-12-31'),(21,2100017,'laundry bag','black and yellow',1,'2021-12-31'),(21,2100018,'laundry bag','black and yellow',1,'2021-12-31'),(21,2100019,'laundry bag','black and yellow',1,'2021-12-31'),(21,2100020,'laundry bag','black and yellow',1,'2021-12-31'),(21,2100021,'laundry bag','black and yellow',1,'2021-12-31'),(21,2100022,'laundry bag','black and yellow',1,'2021-12-31'),(21,2100023,'laundry bag','black and yellow',1,'2021-12-31'),(21,2100024,'laundry bag','black and yellow',1,'2021-12-31'),(21,2100025,'laundry bag','black and yellow',1,'2021-12-31'),(21,2100026,'laundry bag','black and yellow',1,'2021-12-31'),(21,2100027,'laundry bag','black and yellow',1,'2021-12-31'),(21,2100028,'laundry bag','black and yellow',1,'2021-12-31'),(21,2100029,'laundry bag','black and yellow',1,'2021-12-31'),(21,2100030,'laundry bag','black and yellow',1,'2021-12-31'),(21,2100031,'laundry bag','black and yellow',1,'2021-12-31'),(21,2100032,'laundry bag','black and yellow',1,'2021-12-31'),(21,2100033,'laundry bag','black and yellow',1,'2021-12-31'),(21,2100034,'laundry bag','black and yellow',1,'2021-12-31'),(21,2100035,'laundry bag','black and yellow',1,'2021-12-31'),(21,2100036,'laundry bag','black and yellow',1,'2021-12-31'),(21,2100037,'laundry bag','black and yellow',1,'2021-12-31'),(21,2100038,'laundry bag','black and yellow',1,'2021-12-31'),(21,2100039,'laundry bag','black and yellow',1,'2021-12-31'),(21,2100040,'laundry bag','black and yellow',1,'2021-12-31'),(21,2100041,'laundry bag','black and yellow',1,'2021-12-31'),(21,2100042,'laundry bag','black and yellow',1,'2021-12-31'),(21,2100043,'laundry bag','black and yellow',1,'2021-12-31'),(21,2100044,'laundry bag','black and yellow',1,'2021-12-31'),(21,2100045,'laundry bag','black and yellow',1,'2021-12-31'),(21,2100046,'laundry bag','black and yellow',1,'2021-12-31'),(21,2100047,'laundry bag','black and yellow',1,'2021-12-31'),(21,2100048,'laundry bag','black and yellow',1,'2021-12-31'),(21,2100049,'laundry bag','black and yellow',1,'2021-12-31'),(21,2100050,'laundry bag','black and yellow',1,'2021-12-31'),(21,2100051,'laundry bag','black and yellow',1,'2021-12-31'),(21,2100052,'laundry bag','black and yellow',1,'2021-12-31'),(21,2100053,'laundry bag','black and yellow',1,'2021-12-31'),(21,2100054,'laundry bag','black and yellow',1,'2021-12-31'),(21,2100055,'laundry bag','black and yellow',1,'2021-12-31'),(21,2100056,'laundry bag','black and yellow',1,'2021-12-31'),(21,2100057,'laundry bag','black and yellow',1,'2021-12-31'),(21,2100058,'laundry bag','black and yellow',1,'2021-12-31'),(21,2100059,'laundry bag','black and yellow',1,'2021-12-31'),(21,2100060,'laundry bag','black and yellow',1,'2021-12-31'),(21,2100061,'laundry bag','black and yellow',1,'2021-12-31'),(21,2100062,'laundry bag','black and yellow',1,'2021-12-31'),(21,2100063,'laundry bag','black and yellow',1,'2021-12-31'),(21,2100064,'laundry bag','black and yellow',1,'2021-12-31'),(21,2100065,'laundry bag','black and yellow',1,'2021-12-31'),(21,2100066,'laundry bag','black and yellow',1,'2021-12-31'),(21,2100067,'laundry bag','black and yellow',1,'2021-12-31'),(21,2100068,'laundry bag','black and yellow',1,'2021-12-31'),(21,2100069,'laundry bag','black and yellow',1,'2021-12-31'),(21,2100070,'laundry bag','black and yellow',1,'2021-12-31'),(21,2100071,'laundry bag','black and yellow',1,'2021-12-31'),(21,2100072,'laundry bag','black and yellow',1,'2021-12-31'),(21,2100073,'laundry bag','black and yellow',1,'2021-12-31'),(21,2100074,'laundry bag','black and yellow',1,'2021-12-31'),(21,2100075,'laundry bag','black and yellow',1,'2021-12-31'),(21,2100076,'laundry bag','black and yellow',1,'2021-12-31'),(21,2100077,'laundry bag','black and yellow',1,'2021-12-31'),(21,2100078,'laundry bag','black and yellow',1,'2021-12-31'),(21,2100079,'laundry bag','black and yellow',1,'2021-12-31'),(21,2100080,'laundry bag','black and yellow',1,'2021-12-31'),(21,2100081,'laundry bag','black and yellow',1,'2021-12-31'),(21,2100082,'laundry bag','black and yellow',1,'2021-12-31'),(21,2100083,'laundry bag','black and yellow',1,'2021-12-31'),(21,2100084,'laundry bag','black and yellow',1,'2021-12-31'),(21,2100085,'laundry bag','black and yellow',1,'2021-12-31'),(21,2100086,'laundry bag','black and yellow',1,'2021-12-31'),(21,2100087,'laundry bag','black and yellow',1,'2021-12-31'),(21,2100088,'laundry bag','black and yellow',1,'2021-12-31'),(21,2100089,'laundry bag','black and yellow',1,'2021-12-31'),(21,2100090,'laundry bag','black and yellow',1,'2021-12-31'),(21,2100091,'laundry bag','black and yellow',1,'2021-12-31'),(21,2100092,'laundry bag','black and yellow',1,'2021-12-31'),(21,2100093,'laundry bag','black and yellow',1,'2021-12-31'),(21,2100094,'laundry bag','black and yellow',1,'2021-12-31'),(21,2100095,'laundry bag','black and yellow',1,'2021-12-31'),(21,2100096,'laundry bag','black and yellow',1,'2021-12-31'),(21,2100097,'laundry bag','black and yellow',1,'2021-12-31'),(21,2100098,'laundry bag','black and yellow',1,'2021-12-31'),(21,2100099,'laundry bag','black and yellow',1,'2021-12-31'),(21,2100100,'laundry bag','black and yellow',1,'2021-12-31'),(22,2200001,'daily cleaning spray','white',1,'2021-12-31'),(22,2200002,'daily cleaning spray','white',1,'2021-12-31'),(22,2200003,'daily cleaning spray','white',1,'2021-12-31'),(22,2200004,'daily cleaning spray','white',1,'2021-12-31'),(22,2200005,'daily cleaning spray','white',1,'2021-12-31'),(22,2200006,'daily cleaning spray','white',1,'2021-12-31'),(22,2200007,'daily cleaning spray','white',1,'2021-12-31'),(22,2200008,'daily cleaning spray','white',1,'2021-12-31'),(22,2200009,'daily cleaning spray','white',1,'2021-12-31'),(22,2200010,'daily cleaning spray','white',1,'2021-12-31'),(22,2200011,'daily cleaning spray','white',1,'2021-12-31'),(22,2200012,'daily cleaning spray','white',1,'2021-12-31'),(22,2200013,'daily cleaning spray','white',1,'2021-12-31'),(22,2200014,'daily cleaning spray','white',1,'2021-12-31'),(22,2200015,'daily cleaning spray','white',1,'2021-12-31'),(22,2200016,'daily cleaning spray','white',1,'2021-12-31'),(22,2200017,'daily cleaning spray','white',1,'2021-12-31'),(22,2200018,'daily cleaning spray','white',1,'2021-12-31'),(22,2200019,'daily cleaning spray','white',1,'2021-12-31'),(22,2200020,'daily cleaning spray','white',1,'2021-12-31'),(22,2200021,'daily cleaning spray','white',1,'2021-12-31'),(22,2200022,'daily cleaning spray','white',1,'2021-12-31'),(22,2200023,'daily cleaning spray','white',1,'2021-12-31'),(22,2200024,'daily cleaning spray','white',1,'2021-12-31'),(22,2200025,'daily cleaning spray','white',1,'2021-12-31'),(22,2200026,'daily cleaning spray','white',1,'2021-12-31'),(22,2200027,'daily cleaning spray','white',1,'2021-12-31'),(22,2200028,'daily cleaning spray','white',1,'2021-12-31'),(22,2200029,'daily cleaning spray','white',1,'2021-12-31'),(22,2200030,'daily cleaning spray','white',1,'2021-12-31'),(22,2200031,'daily cleaning spray','white',1,'2021-12-31'),(22,2200032,'daily cleaning spray','white',1,'2021-12-31'),(22,2200033,'daily cleaning spray','white',1,'2021-12-31'),(22,2200034,'daily cleaning spray','white',1,'2021-12-31'),(22,2200035,'daily cleaning spray','white',1,'2021-12-31'),(22,2200036,'daily cleaning spray','white',1,'2021-12-31'),(22,2200037,'daily cleaning spray','white',1,'2021-12-31'),(22,2200038,'daily cleaning spray','white',1,'2021-12-31'),(22,2200039,'daily cleaning spray','white',1,'2021-12-31'),(22,2200040,'daily cleaning spray','white',1,'2021-12-31'),(22,2200041,'daily cleaning spray','white',1,'2021-12-31'),(22,2200042,'daily cleaning spray','white',1,'2021-12-31'),(22,2200043,'daily cleaning spray','white',1,'2021-12-31'),(22,2200044,'daily cleaning spray','white',1,'2021-12-31'),(22,2200045,'daily cleaning spray','white',1,'2021-12-31'),(22,2200046,'daily cleaning spray','white',1,'2021-12-31'),(22,2200047,'daily cleaning spray','white',1,'2021-12-31'),(22,2200048,'daily cleaning spray','white',1,'2021-12-31'),(22,2200049,'daily cleaning spray','white',1,'2021-12-31'),(22,2200050,'daily cleaning spray','white',1,'2021-12-31'),(22,2200051,'daily cleaning spray','white',1,'2021-12-31'),(22,2200052,'daily cleaning spray','white',1,'2021-12-31'),(22,2200053,'daily cleaning spray','white',1,'2021-12-31'),(22,2200054,'daily cleaning spray','white',1,'2021-12-31'),(22,2200055,'daily cleaning spray','white',1,'2021-12-31'),(22,2200056,'daily cleaning spray','white',1,'2021-12-31'),(22,2200057,'daily cleaning spray','white',1,'2021-12-31'),(22,2200058,'daily cleaning spray','white',1,'2021-12-31'),(22,2200059,'daily cleaning spray','white',1,'2021-12-31'),(22,2200060,'daily cleaning spray','white',1,'2021-12-31'),(22,2200061,'daily cleaning spray','white',1,'2021-12-31'),(22,2200062,'daily cleaning spray','white',1,'2021-12-31'),(22,2200063,'daily cleaning spray','white',1,'2021-12-31'),(22,2200064,'daily cleaning spray','white',1,'2021-12-31'),(22,2200065,'daily cleaning spray','white',1,'2021-12-31'),(22,2200066,'daily cleaning spray','white',1,'2021-12-31'),(22,2200067,'daily cleaning spray','white',1,'2021-12-31'),(22,2200068,'daily cleaning spray','white',1,'2021-12-31'),(22,2200069,'daily cleaning spray','white',1,'2021-12-31'),(22,2200070,'daily cleaning spray','white',1,'2021-12-31'),(22,2200071,'daily cleaning spray','white',1,'2021-12-31'),(22,2200072,'daily cleaning spray','white',1,'2021-12-31'),(22,2200073,'daily cleaning spray','white',1,'2021-12-31'),(22,2200074,'daily cleaning spray','white',1,'2021-12-31'),(22,2200075,'daily cleaning spray','white',1,'2021-12-31'),(22,2200076,'daily cleaning spray','white',1,'2021-12-31'),(22,2200077,'daily cleaning spray','white',1,'2021-12-31'),(22,2200078,'daily cleaning spray','white',1,'2021-12-31'),(22,2200079,'daily cleaning spray','white',1,'2021-12-31'),(22,2200080,'daily cleaning spray','white',1,'2021-12-31'),(22,2200081,'daily cleaning spray','white',1,'2021-12-31'),(22,2200082,'daily cleaning spray','white',1,'2021-12-31'),(22,2200083,'daily cleaning spray','white',1,'2021-12-31'),(22,2200084,'daily cleaning spray','white',1,'2021-12-31'),(22,2200085,'daily cleaning spray','white',1,'2021-12-31'),(22,2200086,'daily cleaning spray','white',1,'2021-12-31'),(22,2200087,'daily cleaning spray','white',1,'2021-12-31'),(22,2200088,'daily cleaning spray','white',1,'2021-12-31'),(22,2200089,'daily cleaning spray','white',1,'2021-12-31'),(22,2200090,'daily cleaning spray','white',1,'2021-12-31'),(22,2200091,'daily cleaning spray','white',1,'2021-12-31'),(22,2200092,'daily cleaning spray','white',1,'2021-12-31'),(22,2200093,'daily cleaning spray','white',1,'2021-12-31'),(22,2200094,'daily cleaning spray','white',1,'2021-12-31'),(22,2200095,'daily cleaning spray','white',1,'2021-12-31'),(22,2200096,'daily cleaning spray','white',1,'2021-12-31'),(22,2200097,'daily cleaning spray','white',1,'2021-12-31'),(22,2200098,'daily cleaning spray','white',1,'2021-12-31'),(22,2200099,'daily cleaning spray','white',1,'2021-12-31'),(22,2200100,'daily cleaning spray','white',1,'2021-12-31'),(23,2300001,'doggy bags','scented pink',1,'2021-12-31'),(23,2300002,'doggy bags','scented pink',1,'2021-12-31'),(23,2300003,'doggy bags','scented pink',1,'2021-12-31'),(23,2300004,'doggy bags','scented pink',1,'2021-12-31'),(23,2300005,'doggy bags','scented pink',1,'2021-12-31'),(23,2300006,'doggy bags','scented pink',1,'2021-12-31'),(23,2300007,'doggy bags','scented pink',1,'2021-12-31'),(23,2300008,'doggy bags','scented pink',1,'2021-12-31'),(23,2300009,'doggy bags','scented pink',1,'2021-12-31'),(23,2300010,'doggy bags','scented pink',1,'2021-12-31'),(23,2300011,'doggy bags','scented pink',1,'2021-12-31'),(23,2300012,'doggy bags','scented pink',1,'2021-12-31'),(23,2300013,'doggy bags','scented pink',1,'2021-12-31'),(23,2300014,'doggy bags','scented pink',1,'2021-12-31'),(23,2300015,'doggy bags','scented pink',1,'2021-12-31'),(23,2300016,'doggy bags','scented pink',1,'2021-12-31'),(23,2300017,'doggy bags','scented pink',1,'2021-12-31'),(23,2300018,'doggy bags','scented pink',1,'2021-12-31'),(23,2300019,'doggy bags','scented pink',1,'2021-12-31'),(23,2300020,'doggy bags','scented pink',1,'2021-12-31'),(23,2300021,'doggy bags','scented pink',1,'2021-12-31'),(23,2300022,'doggy bags','scented pink',1,'2021-12-31'),(23,2300023,'doggy bags','scented pink',1,'2021-12-31'),(23,2300024,'doggy bags','scented pink',1,'2021-12-31'),(23,2300025,'doggy bags','scented pink',1,'2021-12-31'),(23,2300026,'doggy bags','scented pink',1,'2021-12-31'),(23,2300027,'doggy bags','scented pink',1,'2021-12-31'),(23,2300028,'doggy bags','scented pink',1,'2021-12-31'),(23,2300029,'doggy bags','scented pink',1,'2021-12-31'),(23,2300030,'doggy bags','scented pink',1,'2021-12-31'),(23,2300031,'doggy bags','scented pink',1,'2021-12-31'),(23,2300032,'doggy bags','scented pink',1,'2021-12-31'),(23,2300033,'doggy bags','scented pink',1,'2021-12-31'),(23,2300034,'doggy bags','scented pink',1,'2021-12-31'),(23,2300035,'doggy bags','scented pink',1,'2021-12-31'),(23,2300036,'doggy bags','scented pink',1,'2021-12-31'),(23,2300037,'doggy bags','scented pink',1,'2021-12-31'),(23,2300038,'doggy bags','scented pink',1,'2021-12-31'),(23,2300039,'doggy bags','scented pink',1,'2021-12-31'),(23,2300040,'doggy bags','scented pink',1,'2021-12-31'),(23,2300041,'doggy bags','scented pink',1,'2021-12-31'),(23,2300042,'doggy bags','scented pink',1,'2021-12-31'),(23,2300043,'doggy bags','scented pink',1,'2021-12-31'),(23,2300044,'doggy bags','scented pink',1,'2021-12-31'),(23,2300045,'doggy bags','scented pink',1,'2021-12-31'),(23,2300046,'doggy bags','scented pink',1,'2021-12-31'),(23,2300047,'doggy bags','scented pink',1,'2021-12-31'),(23,2300048,'doggy bags','scented pink',1,'2021-12-31'),(23,2300049,'doggy bags','scented pink',1,'2021-12-31'),(23,2300050,'doggy bags','scented pink',1,'2021-12-31'),(23,2300051,'doggy bags','scented pink',1,'2021-12-31'),(23,2300052,'doggy bags','scented pink',1,'2021-12-31'),(23,2300053,'doggy bags','scented pink',1,'2021-12-31'),(23,2300054,'doggy bags','scented pink',1,'2021-12-31'),(23,2300055,'doggy bags','scented pink',1,'2021-12-31'),(23,2300056,'doggy bags','scented pink',1,'2021-12-31'),(23,2300057,'doggy bags','scented pink',1,'2021-12-31'),(23,2300058,'doggy bags','scented pink',1,'2021-12-31'),(23,2300059,'doggy bags','scented pink',1,'2021-12-31'),(23,2300060,'doggy bags','scented pink',1,'2021-12-31'),(23,2300061,'doggy bags','scented pink',1,'2021-12-31'),(23,2300062,'doggy bags','scented pink',1,'2021-12-31'),(23,2300063,'doggy bags','scented pink',1,'2021-12-31'),(23,2300064,'doggy bags','scented pink',1,'2021-12-31'),(23,2300065,'doggy bags','scented pink',1,'2021-12-31'),(23,2300066,'doggy bags','scented pink',1,'2021-12-31'),(23,2300067,'doggy bags','scented pink',1,'2021-12-31'),(23,2300068,'doggy bags','scented pink',1,'2021-12-31'),(23,2300069,'doggy bags','scented pink',1,'2021-12-31'),(23,2300070,'doggy bags','scented pink',1,'2021-12-31'),(23,2300071,'doggy bags','scented pink',1,'2021-12-31'),(23,2300072,'doggy bags','scented pink',1,'2021-12-31'),(23,2300073,'doggy bags','scented pink',1,'2021-12-31'),(23,2300074,'doggy bags','scented pink',1,'2021-12-31'),(23,2300075,'doggy bags','scented pink',1,'2021-12-31'),(23,2300076,'doggy bags','scented pink',1,'2021-12-31'),(23,2300077,'doggy bags','scented pink',1,'2021-12-31'),(23,2300078,'doggy bags','scented pink',1,'2021-12-31'),(23,2300079,'doggy bags','scented pink',1,'2021-12-31'),(23,2300080,'doggy bags','scented pink',1,'2021-12-31'),(23,2300081,'doggy bags','scented pink',1,'2021-12-31'),(23,2300082,'doggy bags','scented pink',1,'2021-12-31'),(23,2300083,'doggy bags','scented pink',1,'2021-12-31'),(23,2300084,'doggy bags','scented pink',1,'2021-12-31'),(23,2300085,'doggy bags','scented pink',1,'2021-12-31'),(23,2300086,'doggy bags','scented pink',1,'2021-12-31'),(23,2300087,'doggy bags','scented pink',1,'2021-12-31'),(23,2300088,'doggy bags','scented pink',1,'2021-12-31'),(23,2300089,'doggy bags','scented pink',1,'2021-12-31'),(23,2300090,'doggy bags','scented pink',1,'2021-12-31'),(23,2300091,'doggy bags','scented pink',1,'2021-12-31'),(23,2300092,'doggy bags','scented pink',1,'2021-12-31'),(23,2300093,'doggy bags','scented pink',1,'2021-12-31'),(23,2300094,'doggy bags','scented pink',1,'2021-12-31'),(23,2300095,'doggy bags','scented pink',1,'2021-12-31'),(23,2300096,'doggy bags','scented pink',1,'2021-12-31'),(23,2300097,'doggy bags','scented pink',1,'2021-12-31'),(23,2300098,'doggy bags','scented pink',1,'2021-12-31'),(23,2300099,'doggy bags','scented pink',1,'2021-12-31'),(23,2300100,'doggy bags','scented pink',1,'2021-12-31'),(24,2400001,'doggy bags','scented blue',1,'2021-12-31'),(24,2400002,'doggy bags','scented blue',1,'2021-12-31'),(24,2400003,'doggy bags','scented blue',1,'2021-12-31'),(24,2400004,'doggy bags','scented blue',1,'2021-12-31'),(24,2400005,'doggy bags','scented blue',1,'2021-12-31'),(24,2400006,'doggy bags','scented blue',1,'2021-12-31'),(24,2400007,'doggy bags','scented blue',1,'2021-12-31'),(24,2400008,'doggy bags','scented blue',1,'2021-12-31'),(24,2400009,'doggy bags','scented blue',1,'2021-12-31'),(24,2400010,'doggy bags','scented blue',1,'2021-12-31'),(24,2400011,'doggy bags','scented blue',1,'2021-12-31'),(24,2400012,'doggy bags','scented blue',1,'2021-12-31'),(24,2400013,'doggy bags','scented blue',1,'2021-12-31'),(24,2400014,'doggy bags','scented blue',1,'2021-12-31'),(24,2400015,'doggy bags','scented blue',1,'2021-12-31'),(24,2400016,'doggy bags','scented blue',1,'2021-12-31'),(24,2400017,'doggy bags','scented blue',1,'2021-12-31'),(24,2400018,'doggy bags','scented blue',1,'2021-12-31'),(24,2400019,'doggy bags','scented blue',1,'2021-12-31'),(24,2400020,'doggy bags','scented blue',1,'2021-12-31'),(24,2400021,'doggy bags','scented blue',1,'2021-12-31'),(24,2400022,'doggy bags','scented blue',1,'2021-12-31'),(24,2400023,'doggy bags','scented blue',1,'2021-12-31'),(24,2400024,'doggy bags','scented blue',1,'2021-12-31'),(24,2400025,'doggy bags','scented blue',1,'2021-12-31'),(24,2400026,'doggy bags','scented blue',1,'2021-12-31'),(24,2400027,'doggy bags','scented blue',1,'2021-12-31'),(24,2400028,'doggy bags','scented blue',1,'2021-12-31'),(24,2400029,'doggy bags','scented blue',1,'2021-12-31'),(24,2400030,'doggy bags','scented blue',1,'2021-12-31'),(24,2400031,'doggy bags','scented blue',1,'2021-12-31'),(24,2400032,'doggy bags','scented blue',1,'2021-12-31'),(24,2400033,'doggy bags','scented blue',1,'2021-12-31'),(24,2400034,'doggy bags','scented blue',1,'2021-12-31'),(24,2400035,'doggy bags','scented blue',1,'2021-12-31'),(24,2400036,'doggy bags','scented blue',1,'2021-12-31'),(24,2400037,'doggy bags','scented blue',1,'2021-12-31'),(24,2400038,'doggy bags','scented blue',1,'2021-12-31'),(24,2400039,'doggy bags','scented blue',1,'2021-12-31'),(24,2400040,'doggy bags','scented blue',1,'2021-12-31'),(24,2400041,'doggy bags','scented blue',1,'2021-12-31'),(24,2400042,'doggy bags','scented blue',1,'2021-12-31'),(24,2400043,'doggy bags','scented blue',1,'2021-12-31'),(24,2400044,'doggy bags','scented blue',1,'2021-12-31'),(24,2400045,'doggy bags','scented blue',1,'2021-12-31'),(24,2400046,'doggy bags','scented blue',1,'2021-12-31'),(24,2400047,'doggy bags','scented blue',1,'2021-12-31'),(24,2400048,'doggy bags','scented blue',1,'2021-12-31'),(24,2400049,'doggy bags','scented blue',1,'2021-12-31'),(24,2400050,'doggy bags','scented blue',1,'2021-12-31'),(24,2400051,'doggy bags','scented blue',1,'2021-12-31'),(24,2400052,'doggy bags','scented blue',1,'2021-12-31'),(24,2400053,'doggy bags','scented blue',1,'2021-12-31'),(24,2400054,'doggy bags','scented blue',1,'2021-12-31'),(24,2400055,'doggy bags','scented blue',1,'2021-12-31'),(24,2400056,'doggy bags','scented blue',1,'2021-12-31'),(24,2400057,'doggy bags','scented blue',1,'2021-12-31'),(24,2400058,'doggy bags','scented blue',1,'2021-12-31'),(24,2400059,'doggy bags','scented blue',1,'2021-12-31'),(24,2400060,'doggy bags','scented blue',1,'2021-12-31'),(24,2400061,'doggy bags','scented blue',1,'2021-12-31'),(24,2400062,'doggy bags','scented blue',1,'2021-12-31'),(24,2400063,'doggy bags','scented blue',1,'2021-12-31'),(24,2400064,'doggy bags','scented blue',1,'2021-12-31'),(24,2400065,'doggy bags','scented blue',1,'2021-12-31'),(24,2400066,'doggy bags','scented blue',1,'2021-12-31'),(24,2400067,'doggy bags','scented blue',1,'2021-12-31'),(24,2400068,'doggy bags','scented blue',1,'2021-12-31'),(24,2400069,'doggy bags','scented blue',1,'2021-12-31'),(24,2400070,'doggy bags','scented blue',1,'2021-12-31'),(24,2400071,'doggy bags','scented blue',1,'2021-12-31'),(24,2400072,'doggy bags','scented blue',1,'2021-12-31'),(24,2400073,'doggy bags','scented blue',1,'2021-12-31'),(24,2400074,'doggy bags','scented blue',1,'2021-12-31'),(24,2400075,'doggy bags','scented blue',1,'2021-12-31'),(24,2400076,'doggy bags','scented blue',1,'2021-12-31'),(24,2400077,'doggy bags','scented blue',1,'2021-12-31'),(24,2400078,'doggy bags','scented blue',1,'2021-12-31'),(24,2400079,'doggy bags','scented blue',1,'2021-12-31'),(24,2400080,'doggy bags','scented blue',1,'2021-12-31'),(24,2400081,'doggy bags','scented blue',1,'2021-12-31'),(24,2400082,'doggy bags','scented blue',1,'2021-12-31'),(24,2400083,'doggy bags','scented blue',1,'2021-12-31'),(24,2400084,'doggy bags','scented blue',1,'2021-12-31'),(24,2400085,'doggy bags','scented blue',1,'2021-12-31'),(24,2400086,'doggy bags','scented blue',1,'2021-12-31'),(24,2400087,'doggy bags','scented blue',1,'2021-12-31'),(24,2400088,'doggy bags','scented blue',1,'2021-12-31'),(24,2400089,'doggy bags','scented blue',1,'2021-12-31'),(24,2400090,'doggy bags','scented blue',1,'2021-12-31'),(24,2400091,'doggy bags','scented blue',1,'2021-12-31'),(24,2400092,'doggy bags','scented blue',1,'2021-12-31'),(24,2400093,'doggy bags','scented blue',1,'2021-12-31'),(24,2400094,'doggy bags','scented blue',1,'2021-12-31'),(24,2400095,'doggy bags','scented blue',1,'2021-12-31'),(24,2400096,'doggy bags','scented blue',1,'2021-12-31'),(24,2400097,'doggy bags','scented blue',1,'2021-12-31'),(24,2400098,'doggy bags','scented blue',1,'2021-12-31'),(24,2400099,'doggy bags','scented blue',1,'2021-12-31'),(24,2400100,'doggy bags','scented blue',1,'2021-12-31'),(25,2500001,'doggy leash','black',1,'2021-12-31'),(25,2500002,'doggy leash','black',1,'2021-12-31'),(25,2500003,'doggy leash','black',1,'2021-12-31'),(25,2500004,'doggy leash','black',1,'2021-12-31'),(25,2500005,'doggy leash','black',1,'2021-12-31'),(25,2500006,'doggy leash','black',1,'2021-12-31'),(25,2500007,'doggy leash','black',1,'2021-12-31'),(25,2500008,'doggy leash','black',1,'2021-12-31'),(25,2500009,'doggy leash','black',1,'2021-12-31'),(25,2500010,'doggy leash','black',1,'2021-12-31'),(25,2500011,'doggy leash','black',1,'2021-12-31'),(25,2500012,'doggy leash','black',1,'2021-12-31'),(25,2500013,'doggy leash','black',1,'2021-12-31'),(25,2500014,'doggy leash','black',1,'2021-12-31'),(25,2500015,'doggy leash','black',1,'2021-12-31'),(25,2500016,'doggy leash','black',1,'2021-12-31'),(25,2500017,'doggy leash','black',1,'2021-12-31'),(25,2500018,'doggy leash','black',1,'2021-12-31'),(25,2500019,'doggy leash','black',1,'2021-12-31'),(25,2500020,'doggy leash','black',1,'2021-12-31'),(25,2500021,'doggy leash','black',1,'2021-12-31'),(25,2500022,'doggy leash','black',1,'2021-12-31'),(25,2500023,'doggy leash','black',1,'2021-12-31'),(25,2500024,'doggy leash','black',1,'2021-12-31'),(25,2500025,'doggy leash','black',1,'2021-12-31'),(25,2500026,'doggy leash','black',1,'2021-12-31'),(25,2500027,'doggy leash','black',1,'2021-12-31'),(25,2500028,'doggy leash','black',1,'2021-12-31'),(25,2500029,'doggy leash','black',1,'2021-12-31'),(25,2500030,'doggy leash','black',1,'2021-12-31'),(25,2500031,'doggy leash','black',1,'2021-12-31'),(25,2500032,'doggy leash','black',1,'2021-12-31'),(25,2500033,'doggy leash','black',1,'2021-12-31'),(25,2500034,'doggy leash','black',1,'2021-12-31'),(25,2500035,'doggy leash','black',1,'2021-12-31'),(25,2500036,'doggy leash','black',1,'2021-12-31'),(25,2500037,'doggy leash','black',1,'2021-12-31'),(25,2500038,'doggy leash','black',1,'2021-12-31'),(25,2500039,'doggy leash','black',1,'2021-12-31'),(25,2500040,'doggy leash','black',1,'2021-12-31'),(25,2500041,'doggy leash','black',1,'2021-12-31'),(25,2500042,'doggy leash','black',1,'2021-12-31'),(25,2500043,'doggy leash','black',1,'2021-12-31'),(25,2500044,'doggy leash','black',1,'2021-12-31'),(25,2500045,'doggy leash','black',1,'2021-12-31'),(25,2500046,'doggy leash','black',1,'2021-12-31'),(25,2500047,'doggy leash','black',1,'2021-12-31'),(25,2500048,'doggy leash','black',1,'2021-12-31'),(25,2500049,'doggy leash','black',1,'2021-12-31'),(25,2500050,'doggy leash','black',1,'2021-12-31'),(25,2500051,'doggy leash','black',1,'2021-12-31'),(25,2500052,'doggy leash','black',1,'2021-12-31'),(25,2500053,'doggy leash','black',1,'2021-12-31'),(25,2500054,'doggy leash','black',1,'2021-12-31'),(25,2500055,'doggy leash','black',1,'2021-12-31'),(25,2500056,'doggy leash','black',1,'2021-12-31'),(25,2500057,'doggy leash','black',1,'2021-12-31'),(25,2500058,'doggy leash','black',1,'2021-12-31'),(25,2500059,'doggy leash','black',1,'2021-12-31'),(25,2500060,'doggy leash','black',1,'2021-12-31'),(25,2500061,'doggy leash','black',1,'2021-12-31'),(25,2500062,'doggy leash','black',1,'2021-12-31'),(25,2500063,'doggy leash','black',1,'2021-12-31'),(25,2500064,'doggy leash','black',1,'2021-12-31'),(25,2500065,'doggy leash','black',1,'2021-12-31'),(25,2500066,'doggy leash','black',1,'2021-12-31'),(25,2500067,'doggy leash','black',1,'2021-12-31'),(25,2500068,'doggy leash','black',1,'2021-12-31'),(25,2500069,'doggy leash','black',1,'2021-12-31'),(25,2500070,'doggy leash','black',1,'2021-12-31'),(25,2500071,'doggy leash','black',1,'2021-12-31'),(25,2500072,'doggy leash','black',1,'2021-12-31'),(25,2500073,'doggy leash','black',1,'2021-12-31'),(25,2500074,'doggy leash','black',1,'2021-12-31'),(25,2500075,'doggy leash','black',1,'2021-12-31'),(25,2500076,'doggy leash','black',1,'2021-12-31'),(25,2500077,'doggy leash','black',1,'2021-12-31'),(25,2500078,'doggy leash','black',1,'2021-12-31'),(25,2500079,'doggy leash','black',1,'2021-12-31'),(25,2500080,'doggy leash','black',1,'2021-12-31'),(25,2500081,'doggy leash','black',1,'2021-12-31'),(25,2500082,'doggy leash','black',1,'2021-12-31'),(25,2500083,'doggy leash','black',1,'2021-12-31'),(25,2500084,'doggy leash','black',1,'2021-12-31'),(25,2500085,'doggy leash','black',1,'2021-12-31'),(25,2500086,'doggy leash','black',1,'2021-12-31'),(25,2500087,'doggy leash','black',1,'2021-12-31'),(25,2500088,'doggy leash','black',1,'2021-12-31'),(25,2500089,'doggy leash','black',1,'2021-12-31'),(25,2500090,'doggy leash','black',1,'2021-12-31'),(25,2500091,'doggy leash','black',1,'2021-12-31'),(25,2500092,'doggy leash','black',1,'2021-12-31'),(25,2500093,'doggy leash','black',1,'2021-12-31'),(25,2500094,'doggy leash','black',1,'2021-12-31'),(25,2500095,'doggy leash','black',1,'2021-12-31'),(25,2500096,'doggy leash','black',1,'2021-12-31'),(25,2500097,'doggy leash','black',1,'2021-12-31'),(25,2500098,'doggy leash','black',1,'2021-12-31'),(25,2500099,'doggy leash','black',1,'2021-12-31'),(25,2500100,'doggy leash','black',1,'2021-12-31');
/*!40000 ALTER TABLE `inventory` ENABLE KEYS */;
UNLOCK TABLES;

--
-- Table structure for table `products_for_purchase_pricesheet`
--

DROP TABLE IF EXISTS `products_for_purchase_pricesheet`;
/*!40101 SET @saved_cs_client     = @@character_set_client */;
/*!50503 SET character_set_client = utf8mb4 */;
CREATE TABLE `products_for_purchase_pricesheet` (
  `v_product_code` int NOT NULL AUTO_INCREMENT,
  `v_product_type` varchar(255) NOT NULL,
  `v_product_price` decimal(9,2) DEFAULT NULL,
  PRIMARY KEY (`v_product_code`)
) ENGINE=InnoDB AUTO_INCREMENT=16 DEFAULT CHARSET=utf8mb4 COLLATE=utf8mb4_0900_ai_ci;
/*!40101 SET character_set_client = @saved_cs_client */;

--
-- Dumping data for table `products_for_purchase_pricesheet`
--

LOCK TABLES `products_for_purchase_pricesheet` WRITE;
/*!40000 ALTER TABLE `products_for_purchase_pricesheet` DISABLE KEYS */;
INSERT INTO `products_for_purchase_pricesheet` VALUES (1,'staplers',10.00),(2,'staples box',6.00),(3,'pens',6.00),(4,'pencils',4.00),(5,'desk chairs',35.00),(6,'daily planners',12.00),(7,'notepads',6.00),(8,'printing paper',10.00),(9,'printer ink',30.00),(10,'water jugs',10.00),(11,'grocery bag',1.00),(12,'laundry bag',1.00),(13,'daily cleaning spray',3.00),(14,'doggy bags',4.00),(15,'doggy leash',10.00);
/*!40000 ALTER TABLE `products_for_purchase_pricesheet` ENABLE KEYS */;
UNLOCK TABLES;

--
-- Table structure for table `products_for_sale_pricesheet`
--

DROP TABLE IF EXISTS `products_for_sale_pricesheet`;
/*!40101 SET @saved_cs_client     = @@character_set_client */;
/*!50503 SET character_set_client = utf8mb4 */;
CREATE TABLE `products_for_sale_pricesheet` (
  `products_code` int NOT NULL AUTO_INCREMENT,
  `products_type` varchar(255) NOT NULL,
  `product_price` decimal(9,2) DEFAULT NULL,
  PRIMARY KEY (`products_code`)
) ENGINE=InnoDB AUTO_INCREMENT=16 DEFAULT CHARSET=utf8mb4 COLLATE=utf8mb4_0900_ai_ci;
/*!40101 SET character_set_client = @saved_cs_client */;

--
-- Dumping data for table `products_for_sale_pricesheet`
--

LOCK TABLES `products_for_sale_pricesheet` WRITE;
/*!40000 ALTER TABLE `products_for_sale_pricesheet` DISABLE KEYS */;
INSERT INTO `products_for_sale_pricesheet` VALUES (1,'staplers',14.00),(2,'staples box',12.00),(3,'pens',10.00),(4,'pencils',6.00),(5,'desk chairs',56.00),(6,'daily planners',16.00),(7,'notepads',9.00),(8,'printing paper',15.00),(9,'printer ink',45.00),(10,'water jugs',14.00),(11,'grocery bag',4.00),(12,'laundry bag',4.00),(13,'daily cleaning spray',7.00),(14,'doggy bags',8.00),(15,'doggy leash',14.00);
/*!40000 ALTER TABLE `products_for_sale_pricesheet` ENABLE KEYS */;
UNLOCK TABLES;

--
-- Table structure for table `vendor_information`
--

DROP TABLE IF EXISTS `vendor_information`;
/*!40101 SET @saved_cs_client     = @@character_set_client */;
/*!50503 SET character_set_client = utf8mb4 */;
CREATE TABLE `vendor_information` (
  `vendor_id` int NOT NULL AUTO_INCREMENT,
  `vendor_name` varchar(255) NOT NULL,
  `vendor_website` varchar(255) NOT NULL,
  `vendor_phone` varchar(255) NOT NULL,
  `vendor_email_address` varchar(255) NOT NULL,
  `vendor_date` date DEFAULT NULL,
  PRIMARY KEY (`vendor_id`)
) ENGINE=InnoDB AUTO_INCREMENT=6 DEFAULT CHARSET=utf8mb4 COLLATE=utf8mb4_0900_ai_ci;
/*!40101 SET character_set_client = @saved_cs_client */;

--
-- Dumping data for table `vendor_information`
--

LOCK TABLES `vendor_information` WRITE;
/*!40000 ALTER TABLE `vendor_information` DISABLE KEYS */;
INSERT INTO `vendor_information` VALUES (1,'Office MAx','www.officemax.com','9490093356','jerry@officemax.com','2020-03-21'),(2,'Dog Tools','www.dogtools.com','9498963998','shelly@dogtools.com','2020-04-19'),(3,'Laundry Max','www.laundrymax.com','9498862039','henry@laundryMax.com','2020-05-15'),(4,'Rudys Furniture Outlet','www.rudysfurniture.com','9492235039','rudy@rudysfurniture.com','2020-06-01'),(5,'Costco','www.costco.com','9492209039','info@Costco.com','2020-07-04');
/*!40000 ALTER TABLE `vendor_information` ENABLE KEYS */;
UNLOCK TABLES;

--
-- Table structure for table `vendor_orders`
--

DROP TABLE IF EXISTS `vendor_orders`;
/*!40101 SET @saved_cs_client     = @@character_set_client */;
/*!50503 SET character_set_client = utf8mb4 */;
CREATE TABLE `vendor_orders` (
  `vendor_order_id` int NOT NULL AUTO_INCREMENT,
  `vendor_order_date` date NOT NULL,
  `vendor_no` int NOT NULL,
  `vendor_product_no` int NOT NULL,
  `vendor_item_order` int NOT NULL,
  `vendor_item_name` varchar(255) DEFAULT NULL,
  `vendor_order_color` varchar(255) DEFAULT NULL,
  `vendor_order_price` int NOT NULL,
  `vendor_item_quantity` int NOT NULL,
  PRIMARY KEY (`vendor_order_id`),
  KEY `vendor_no` (`vendor_no`),
  KEY `vendor_order_price` (`vendor_order_price`),
  CONSTRAINT `vendor_orders_ibfk_1` FOREIGN KEY (`vendor_no`) REFERENCES `vendor_information` (`vendor_id`),
  CONSTRAINT `vendor_orders_ibfk_2` FOREIGN KEY (`vendor_order_price`) REFERENCES `products_for_purchase_pricesheet` (`v_product_code`)
) ENGINE=InnoDB AUTO_INCREMENT=21 DEFAULT CHARSET=utf8mb4 COLLATE=utf8mb4_0900_ai_ci;
/*!40101 SET character_set_client = @saved_cs_client */;

--
-- Dumping data for table `vendor_orders`
--

LOCK TABLES `vendor_orders` WRITE;
/*!40000 ALTER TABLE `vendor_orders` DISABLE KEYS */;
INSERT INTO `vendor_orders` VALUES (1,'2022-01-29',1,8,800101,'desk chair','turquoise',8,1),(2,'2022-01-29',1,8,800102,'desk chair','turquoise',8,1),(3,'2022-01-29',1,8,800103,'desk chair','turquoise',8,1),(4,'2022-01-29',1,8,800104,'desk chair','turquoise',8,1),(5,'2022-01-29',1,8,800105,'desk chair','turquoise',8,1),(6,'2022-01-29',1,8,800106,'desk chair','black',8,1),(7,'2022-01-29',1,8,800107,'desk chair','black',8,1),(8,'2022-01-29',1,8,800108,'desk chair','black',8,1),(9,'2022-01-29',5,4,400101,'pens','black',4,1),(10,'2022-01-29',5,4,400102,'pens','black',4,1),(11,'2022-01-29',5,4,400103,'pens','black',4,1),(12,'2022-01-29',5,4,400104,'pens','blue',4,1),(13,'2022-01-29',5,4,400105,'pens','blue',4,1),(14,'2022-01-29',5,4,400106,'pens','blue',4,1),(15,'2022-01-29',5,9,900101,'daily planners','floral',9,1),(16,'2022-01-29',5,9,900102,'daily planners','floral',9,1),(17,'2022-01-29',5,9,900103,'daily planners','floral',9,1),(18,'2022-01-29',5,9,900104,'daily planners','floral',9,1),(19,'2022-01-29',5,9,900105,'daily planners','floral',9,1),(20,'2022-01-15',1,8,800109,'desk chair','turquoise',8,1);
/*!40000 ALTER TABLE `vendor_orders` ENABLE KEYS */;
UNLOCK TABLES;
/*!40103 SET TIME_ZONE=@OLD_TIME_ZONE */;

/*!40101 SET SQL_MODE=@OLD_SQL_MODE */;
/*!40014 SET FOREIGN_KEY_CHECKS=@OLD_FOREIGN_KEY_CHECKS */;
/*!40014 SET UNIQUE_CHECKS=@OLD_UNIQUE_CHECKS */;
/*!40101 SET CHARACTER_SET_CLIENT=@OLD_CHARACTER_SET_CLIENT */;
/*!40101 SET CHARACTER_SET_RESULTS=@OLD_CHARACTER_SET_RESULTS */;
/*!40101 SET COLLATION_CONNECTION=@OLD_COLLATION_CONNECTION */;
/*!40111 SET SQL_NOTES=@OLD_SQL_NOTES */;

-- Dump completed on 2022-01-30 17:58:44
